"household","y","x","county","u.full"
"1",0.78845736036427,1,1,-0.6890475953545
"2",0.78845736036427,0,1,-0.6890475953545
"3",1.06471073699243,0,1,-0.6890475953545
"4",0,0,1,-0.6890475953545
"5",1.1314021114911,0,2,-0.847312860499705
"6",0.916290731874155,0,2,-0.847312860499705
"7",0.405465108108164,0,2,-0.847312860499705
"8",0,0,2,-0.847312860499705
"9",-0.356674943938732,0,2,-0.847312860499705
"10",0.182321556793955,0,2,-0.847312860499705
"11",0.182321556793955,0,2,-0.847312860499705
"12",0.262364264467491,0,2,-0.847312860499705
"13",0.336472236621213,0,2,-0.847312860499705
"14",-0.916290731874155,0,2,-0.847312860499705
"15",0.0953101798043249,0,2,-0.847312860499705
"16",1.50407739677627,0,2,-0.847312860499705
"17",0.262364264467491,0,2,-0.847312860499705
"18",0.741937344729377,0,2,-0.847312860499705
"19",1.77495235091167,0,2,-0.847312860499705
"20",1.19392246847243,0,2,-0.847312860499705
"21",0.587786664902119,0,2,-0.847312860499705
"22",1.68639895357023,0,2,-0.847312860499705
"23",1.84054963339749,0,2,-0.847312860499705
"24",0.641853886172395,0,2,-0.847312860499705
"25",1.88706964903238,0,2,-0.847312860499705
"26",1.1314021114911,0,2,-0.847312860499705
"27",1.91692261218206,0,2,-0.847312860499705
"28",1.94591014905531,0,2,-0.847312860499705
"29",2.04122032885964,0,2,-0.847312860499705
"30",1.64865862558738,0,2,-0.847312860499705
"31",1.50407739677627,0,2,-0.847312860499705
"32",1.48160454092422,0,2,-0.847312860499705
"33",1.02961941718116,0,2,-0.847312860499705
"34",2.09186406167839,0,2,-0.847312860499705
"35",0.470003629245736,0,2,-0.847312860499705
"36",1.43508452528932,0,2,-0.847312860499705
"37",1.68639895357023,0,2,-0.847312860499705
"38",1.38629436111989,0,2,-0.847312860499705
"39",0.832909122935104,0,2,-0.847312860499705
"40",1.06471073699243,0,2,-0.847312860499705
"41",0.336472236621213,0,2,-0.847312860499705
"42",1.19392246847243,0,2,-0.847312860499705
"43",1.06471073699243,0,2,-0.847312860499705
"44",0.587786664902119,1,2,-0.847312860499705
"45",-1.6094379124341,1,2,-0.847312860499705
"46",0.8754687373539,0,2,-0.847312860499705
"47",0.0953101798043249,1,2,-0.847312860499705
"48",0.78845736036427,0,2,-0.847312860499705
"49",-0.510825623765991,0,2,-0.847312860499705
"50",0.53062825106217,0,2,-0.847312860499705
"51",1.06471073699243,0,2,-0.847312860499705
"52",0.78845736036427,0,2,-0.847312860499705
"53",0.53062825106217,0,2,-0.847312860499705
"54",0.336472236621213,0,2,-0.847312860499705
"55",0.641853886172395,0,2,-0.847312860499705
"56",0.587786664902119,0,2,-0.847312860499705
"57",0.182321556793955,1,3,-0.11345877376814
"58",1.45861502269952,0,3,-0.11345877376814
"59",1.50407739677627,1,3,-0.11345877376814
"60",1.84054963339749,0,4,-0.593352525607471
"61",1.52605630349505,0,4,-0.593352525607471
"62",1.7404661748405,0,4,-0.593352525607471
"63",0.78845736036427,1,4,-0.593352525607471
"64",-0.916290731874155,1,4,-0.593352525607471
"65",1.52605630349505,1,4,-0.593352525607471
"66",1.48160454092422,1,4,-0.593352525607471
"67",1.88706964903238,0,5,-0.142890481153028
"68",0.993251773010283,0,5,-0.142890481153028
"69",1.06471073699243,1,5,-0.142890481153028
"70",1.06471073699243,0,5,-0.142890481153028
"71",1.97408102602201,0,6,0.387056708424809
"72",1.6094379124341,0,6,0.387056708424809
"73",0.955511445027436,0,6,0.387056708424809
"74",1.6094379124341,0,7,0.271613664272716
"75",2.56494935746154,0,7,0.271613664272716
"76",1.97408102602201,0,7,0.271613664272716
"77",1.91692261218206,0,7,0.271613664272716
"78",2.54944517092557,0,7,0.271613664272716
"79",1.75785791755237,1,7,0.271613664272716
"80",2.2512917986065,0,7,0.271613664272716
"81",1.79175946922805,0,7,0.271613664272716
"82",1.33500106673234,0,7,0.271613664272716
"83",2.66025953726586,1,7,0.271613664272716
"84",0.587786664902119,0,7,0.271613664272716
"85",1.93152141160321,0,7,0.271613664272716
"86",1.54756250871601,0,7,0.271613664272716
"87",2.2512917986065,0,7,0.271613664272716
"88",0.916290731874155,1,8,0.277578704889093
"89",1.90210752639692,0,8,0.277578704889093
"90",1.38629436111989,1,8,0.277578704889093
"91",2.31253542384721,0,8,0.277578704889093
"92",0.78845736036427,0,9,-0.332315487884133
"93",0.587786664902119,0,9,-0.332315487884133
"94",1.22377543162212,0,9,-0.332315487884133
"95",1.7227665977411,1,9,-0.332315487884133
"96",1.45861502269952,0,9,-0.332315487884133
"97",1.3609765531356,0,9,-0.332315487884133
"98",0.262364264467491,0,9,-0.332315487884133
"99",1.43508452528932,0,9,-0.332315487884133
"100",-0.22314355131421,0,9,-0.332315487884133
"101",0.693147180559945,0,9,-0.332315487884133
"102",0.470003629245736,0,10,0.0958645715553609
"103",2.55722731136763,0,10,0.0958645715553609
"104",2.68784749378469,1,10,0.0958645715553609
"105",1.54756250871601,1,10,0.0958645715553609
"106",2.26176309847379,0,10,0.0958645715553609
"107",-2.30258509299405,1,10,0.0958645715553609
"108",1.30833281965018,0,11,-0.608219806930943
"109",2.00148000021012,0,11,-0.608219806930943
"110",0.641853886172395,0,11,-0.608219806930943
"111",1.66770682055808,0,11,-0.608219806930943
"112",1.38629436111989,0,11,-0.608219806930943
"113",2.04122032885964,0,12,0.273684562807927
"114",0.336472236621213,0,12,0.273684562807927
"115",2.30258509299405,0,12,0.273684562807927
"116",2.24070968927596,0,12,0.273684562807927
"117",-0.22314355131421,0,13,-0.735320087151157
"118",1.48160454092422,0,13,-0.735320087151157
"119",1.6094379124341,0,13,-0.735320087151157
"120",0.741937344729377,0,13,-0.735320087151157
"121",0.53062825106217,0,13,-0.735320087151157
"122",2.09186406167839,0,13,-0.735320087151157
"123",-0.105360515657826,1,14,0.343781175420031
"124",2.55722731136763,0,14,0.343781175420031
"125",0.955511445027436,0,14,0.343781175420031
"126",1.25276296849537,1,14,0.343781175420031
"127",3.28091121578765,0,14,0.343781175420031
"128",0.405465108108164,0,14,0.343781175420031
"129",2.56494935746154,0,14,0.343781175420031
"130",2.17475172148416,0,14,0.343781175420031
"131",2.9704144655697,0,14,0.343781175420031
"132",0.916290731874155,1,14,0.343781175420031
"133",2.19722457733622,0,14,0.343781175420031
"134",2.57261223020711,0,14,0.343781175420031
"135",1.28093384546206,0,14,0.343781175420031
"136",1.93152141160321,1,14,0.343781175420031
"137",1.56861591791385,1,15,-0.0598604138977053
"138",1.22377543162212,0,15,-0.0598604138977053
"139",-0.105360515657826,1,15,-0.0598604138977053
"140",1.22377543162212,0,15,-0.0598604138977053
"141",0.993251773010283,0,16,-0.504995982525783
"142",0.336472236621213,0,16,-0.504995982525783
"143",1.91692261218206,0,17,0.339560320720446
"144",2.40694510831829,1,17,0.339560320720446
"145",-2.30258509299405,1,17,0.339560320720446
"146",0.916290731874155,1,17,0.339560320720446
"147",0.587786664902119,0,18,-0.633390700175141
"148",0.470003629245736,0,18,-0.633390700175141
"149",0,1,18,-0.633390700175141
"150",-0.105360515657826,0,18,-0.633390700175141
"151",1.06471073699243,0,18,-0.633390700175141
"152",1.48160454092422,0,18,-0.633390700175141
"153",0.405465108108164,0,18,-0.633390700175141
"154",1.41098697371026,0,18,-0.633390700175141
"155",0.916290731874155,1,18,-0.633390700175141
"156",1.90210752639692,1,18,-0.633390700175141
"157",1.45861502269952,0,18,-0.633390700175141
"158",1.70474809223843,0,18,-0.633390700175141
"159",1.28093384546206,0,19,-0.0241451624685385
"160",1.02961941718116,0,19,-0.0241451624685385
"161",2.68102152871429,0,19,-0.0241451624685385
"162",1.90210752639692,0,19,-0.0241451624685385
"163",2.07944154167984,0,19,-0.0241451624685385
"164",0.955511445027436,0,19,-0.0241451624685385
"165",1.02961941718116,1,19,-0.0241451624685385
"166",1.48160454092422,0,19,-0.0241451624685385
"167",0.53062825106217,1,19,-0.0241451624685385
"168",0.693147180559945,0,19,-0.0241451624685385
"169",0.693147180559945,0,19,-0.0241451624685385
"170",0.405465108108164,0,19,-0.0241451624685385
"171",2.26176309847379,0,19,-0.0241451624685385
"172",2.09186406167839,0,19,-0.0241451624685385
"173",1.25276296849537,0,19,-0.0241451624685385
"174",-0.22314355131421,1,19,-0.0241451624685385
"175",1.62924053973028,0,19,-0.0241451624685385
"176",1.16315080980568,0,19,-0.0241451624685385
"177",2.37954613413017,0,19,-0.0241451624685385
"178",2.10413415427021,0,19,-0.0241451624685385
"179",1.84054963339749,0,19,-0.0241451624685385
"180",1.56861591791385,0,19,-0.0241451624685385
"181",1.79175946922805,0,19,-0.0241451624685385
"182",0.0953101798043249,0,19,-0.0241451624685385
"183",2.16332302566054,0,19,-0.0241451624685385
"184",2.17475172148416,0,19,-0.0241451624685385
"185",1.91692261218206,0,19,-0.0241451624685385
"186",0.832909122935104,0,19,-0.0241451624685385
"187",0.470003629245736,0,19,-0.0241451624685385
"188",1.02961941718116,0,19,-0.0241451624685385
"189",1.87180217690159,0,19,-0.0241451624685385
"190",0.53062825106217,0,19,-0.0241451624685385
"191",1.52605630349505,0,19,-0.0241451624685385
"192",1.19392246847243,0,19,-0.0241451624685385
"193",1.48160454092422,0,19,-0.0241451624685385
"194",3.05400118167797,0,19,-0.0241451624685385
"195",2.2082744135228,0,19,-0.0241451624685385
"196",-0.105360515657826,0,19,-0.0241451624685385
"197",1.58923520511658,0,19,-0.0241451624685385
"198",1.6094379124341,0,19,-0.0241451624685385
"199",0.0953101798043249,0,19,-0.0241451624685385
"200",2.02814824729229,0,19,-0.0241451624685385
"201",1.68639895357023,0,19,-0.0241451624685385
"202",1.28093384546206,0,19,-0.0241451624685385
"203",1.58923520511658,0,19,-0.0241451624685385
"204",1.54756250871601,0,19,-0.0241451624685385
"205",0.336472236621213,0,19,-0.0241451624685385
"206",1.22377543162212,0,19,-0.0241451624685385
"207",1.43508452528932,0,19,-0.0241451624685385
"208",0.916290731874155,0,19,-0.0241451624685385
"209",0.336472236621213,0,19,-0.0241451624685385
"210",0.336472236621213,0,19,-0.0241451624685385
"211",0.641853886172395,0,19,-0.0241451624685385
"212",1.56861591791385,0,19,-0.0241451624685385
"213",0.336472236621213,1,19,-0.0241451624685385
"214",1.33500106673234,0,19,-0.0241451624685385
"215",2.17475172148416,0,19,-0.0241451624685385
"216",1.45861502269952,0,19,-0.0241451624685385
"217",1.48160454092422,0,19,-0.0241451624685385
"218",1.50407739677627,0,19,-0.0241451624685385
"219",0.78845736036427,0,19,-0.0241451624685385
"220",-0.693147180559945,0,19,-0.0241451624685385
"221",1.75785791755237,0,19,-0.0241451624685385
"222",1.68639895357023,0,20,0.263855459775217
"223",1.97408102602201,0,20,0.263855459775217
"224",1.7404661748405,0,20,0.263855459775217
"225",2.00148000021012,0,21,0.155712316979839
"226",1.56861591791385,0,21,0.155712316979839
"227",1.91692261218206,0,21,0.155712316979839
"228",1.85629799036563,0,21,0.155712316979839
"229",1.30833281965018,1,21,0.155712316979839
"230",1.70474809223843,0,21,0.155712316979839
"231",2.05412373369555,0,21,0.155712316979839
"232",1.48160454092422,0,21,0.155712316979839
"233",0.993251773010283,0,21,0.155712316979839
"234",1.22377543162212,0,22,0.295025046707039
"235",1.43508452528932,0,22,0.295025046707039
"236",0.832909122935104,0,22,0.295025046707039
"237",0.262364264467491,1,22,0.295025046707039
"238",1.64865862558738,0,22,0.295025046707039
"239",-2.30258509299405,0,22,0.295025046707039
"240",0.916290731874155,1,23,0.414913662927776
"241",1.16315080980568,0,23,0.414913662927776
"242",1.16315080980568,0,24,0.224206985667406
"243",2.26176309847379,0,24,0.224206985667406
"244",1.43508452528932,0,24,0.224206985667406
"245",2.19722457733622,0,24,0.224206985667406
"246",1.84054963339749,0,24,0.224206985667406
"247",3.48431228837266,0,24,0.224206985667406
"248",2.58021682959233,0,24,0.224206985667406
"249",0.78845736036427,1,24,0.224206985667406
"250",1.7227665977411,1,24,0.224206985667406
"251",2.66025953726586,0,25,0.196610646424232
"252",1.93152141160321,1,25,0.196610646424232
"253",2.02814824729229,0,25,0.196610646424232
"254",2.28238238567653,1,25,0.196610646424232
"255",0.955511445027436,0,25,0.196610646424232
"256",3.77276093809464,0,25,0.196610646424232
"257",1.58923520511658,0,25,0.196610646424232
"258",1.58923520511658,0,25,0.196610646424232
"259",1.25276296849537,0,25,0.196610646424232
"260",1.56861591791385,0,25,0.196610646424232
"261",1.7227665977411,0,25,0.196610646424232
"262",1.25276296849537,0,25,0.196610646424232
"263",1.3609765531356,0,25,0.196610646424232
"264",1.90210752639692,0,25,0.196610646424232
"265",2.06686275947298,0,26,-0.09652081232424
"266",1.19392246847243,0,26,-0.09652081232424
"267",0.741937344729377,1,26,-0.09652081232424
"268",0.470003629245736,0,26,-0.09652081232424
"269",1.38629436111989,0,26,-0.09652081232424
"270",0.587786664902119,0,26,-0.09652081232424
"271",0.916290731874155,0,26,-0.09652081232424
"272",2.41591377830105,0,26,-0.09652081232424
"273",0.955511445027436,0,26,-0.09652081232424
"274",1.3609765531356,0,26,-0.09652081232424
"275",2.00148000021012,0,26,-0.09652081232424
"276",0.262364264467491,0,26,-0.09652081232424
"277",-0.105360515657826,0,26,-0.09652081232424
"278",-0.916290731874155,0,26,-0.09652081232424
"279",0.916290731874155,1,26,-0.09652081232424
"280",1.79175946922805,0,26,-0.09652081232424
"281",0.693147180559945,0,26,-0.09652081232424
"282",1.68639895357023,0,26,-0.09652081232424
"283",1.09861228866811,0,26,-0.09652081232424
"284",1.06471073699243,0,26,-0.09652081232424
"285",1.70474809223843,0,26,-0.09652081232424
"286",1.41098697371026,0,26,-0.09652081232424
"287",1.3609765531356,0,26,-0.09652081232424
"288",2.70136121295141,0,26,-0.09652081232424
"289",1.97408102602201,0,26,-0.09652081232424
"290",0.832909122935104,0,26,-0.09652081232424
"291",1.02961941718116,1,26,-0.09652081232424
"292",1.48160454092422,0,26,-0.09652081232424
"293",0.405465108108164,0,26,-0.09652081232424
"294",2.15176220325946,0,26,-0.09652081232424
"295",1.7227665977411,0,26,-0.09652081232424
"296",2.15176220325946,0,26,-0.09652081232424
"297",1.33500106673234,0,26,-0.09652081232424
"298",0.587786664902119,0,26,-0.09652081232424
"299",0.641853886172395,0,26,-0.09652081232424
"300",1.70474809223843,0,26,-0.09652081232424
"301",0.916290731874155,0,26,-0.09652081232424
"302",-0.22314355131421,1,26,-0.09652081232424
"303",0.741937344729377,0,26,-0.09652081232424
"304",1.02961941718116,0,26,-0.09652081232424
"305",1.3609765531356,0,26,-0.09652081232424
"306",1.45861502269952,0,26,-0.09652081232424
"307",1.54756250871601,0,26,-0.09652081232424
"308",1.02961941718116,0,26,-0.09652081232424
"309",1.41098697371026,0,26,-0.09652081232424
"310",0.470003629245736,0,26,-0.09652081232424
"311",1.45861502269952,0,26,-0.09652081232424
"312",-0.356674943938732,1,26,-0.09652081232424
"313",1.70474809223843,0,26,-0.09652081232424
"314",1.19392246847243,1,26,-0.09652081232424
"315",1.70474809223843,0,26,-0.09652081232424
"316",0.916290731874155,0,26,-0.09652081232424
"317",0.993251773010283,0,26,-0.09652081232424
"318",2.12823170584927,0,26,-0.09652081232424
"319",1.19392246847243,0,26,-0.09652081232424
"320",1.16315080980568,0,26,-0.09652081232424
"321",2.15176220325946,0,26,-0.09652081232424
"322",0.53062825106217,0,26,-0.09652081232424
"323",1.7404661748405,0,26,-0.09652081232424
"324",2.56494935746154,0,26,-0.09652081232424
"325",0.993251773010283,0,26,-0.09652081232424
"326",1.54756250871601,0,26,-0.09652081232424
"327",1.7227665977411,0,26,-0.09652081232424
"328",2.62466859216316,0,26,-0.09652081232424
"329",2.02814824729229,1,26,-0.09652081232424
"330",1.7404661748405,0,26,-0.09652081232424
"331",1.52605630349505,0,26,-0.09652081232424
"332",2.02814824729229,0,26,-0.09652081232424
"333",0.955511445027436,0,26,-0.09652081232424
"334",1.50407739677627,0,26,-0.09652081232424
"335",1.77495235091167,0,26,-0.09652081232424
"336",0.78845736036427,0,26,-0.09652081232424
"337",0.8754687373539,0,26,-0.09652081232424
"338",1.38629436111989,0,26,-0.09652081232424
"339",1.52605630349505,0,26,-0.09652081232424
"340",1.52605630349505,0,26,-0.09652081232424
"341",2.3887627892351,0,26,-0.09652081232424
"342",2.02814824729229,0,26,-0.09652081232424
"343",1.09861228866811,0,26,-0.09652081232424
"344",0.405465108108164,0,26,-0.09652081232424
"345",0.470003629245736,1,26,-0.09652081232424
"346",2.80336038090653,0,26,-0.09652081232424
"347",1.1314021114911,0,26,-0.09652081232424
"348",1.62924053973028,0,26,-0.09652081232424
"349",1.58923520511658,0,26,-0.09652081232424
"350",1.79175946922805,0,26,-0.09652081232424
"351",-0.105360515657826,1,26,-0.09652081232424
"352",0.587786664902119,0,26,-0.09652081232424
"353",1.3609765531356,0,26,-0.09652081232424
"354",1.7227665977411,0,26,-0.09652081232424
"355",-0.916290731874155,1,26,-0.09652081232424
"356",0.955511445027436,0,26,-0.09652081232424
"357",1.28093384546206,0,26,-0.09652081232424
"358",1.82454929205105,0,26,-0.09652081232424
"359",3.16124671203156,0,26,-0.09652081232424
"360",1.3609765531356,0,26,-0.09652081232424
"361",1.06471073699243,0,26,-0.09652081232424
"362",1.09861228866811,0,26,-0.09652081232424
"363",1.54756250871601,0,26,-0.09652081232424
"364",1.09861228866811,0,26,-0.09652081232424
"365",1.43508452528932,0,26,-0.09652081232424
"366",1.33500106673234,0,26,-0.09652081232424
"367",1.09861228866811,0,26,-0.09652081232424
"368",1.45861502269952,0,26,-0.09652081232424
"369",1.06471073699243,1,26,-0.09652081232424
"370",1.22377543162212,0,27,0.503529068533353
"371",2.14006616349627,0,27,0.503529068533353
"372",2.19722457733622,0,27,0.503529068533353
"373",1.56861591791385,1,27,0.503529068533353
"374",1.28093384546206,0,27,0.503529068533353
"375",0.78845736036427,1,27,0.503529068533353
"376",1.02961941718116,1,28,-0.400596976711304
"377",-0.22314355131421,1,28,-0.400596976711304
"378",0.405465108108164,0,28,-0.400596976711304
"379",1.52605630349505,0,28,-0.400596976711304
"380",1.30833281965018,1,28,-0.400596976711304
"381",1.28093384546206,0,29,-0.751872232701787
"382",1.09861228866811,0,29,-0.751872232701787
"383",0.78845736036427,0,29,-0.751872232701787
"384",0.641853886172395,0,30,-0.663347630601429
"385",0.955511445027436,0,30,-0.663347630601429
"386",0.587786664902119,0,30,-0.663347630601429
"387",0.8754687373539,0,30,-0.663347630601429
"388",1.45861502269952,0,30,-0.663347630601429
"389",0.955511445027436,0,30,-0.663347630601429
"390",0.0953101798043249,0,30,-0.663347630601429
"391",1.19392246847243,0,30,-0.663347630601429
"392",0.916290731874155,0,30,-0.663347630601429
"393",2.24070968927596,0,30,-0.663347630601429
"394",0.262364264467491,0,30,-0.663347630601429
"395",2.12823170584927,0,31,0.309020284839334
"396",1.6094379124341,0,31,0.309020284839334
"397",1.06471073699243,0,31,0.309020284839334
"398",2.57261223020711,0,31,0.309020284839334
"399",2.72785282839839,0,31,0.309020284839334
"400",0.587786664902119,0,32,-0.0533860089036706
"401",1.33500106673234,0,32,-0.0533860089036706
"402",2.06686275947298,0,32,-0.0533860089036706
"403",0.955511445027436,0,32,-0.0533860089036706
"404",2.42480272571829,0,33,0.10973294265158
"405",1.41098697371026,0,33,0.10973294265158
"406",2.50959926237837,0,33,0.10973294265158
"407",1.90210752639692,0,33,0.10973294265158
"408",1.93152141160321,0,34,-0.00780336722984165
"409",1.50407739677627,1,34,-0.00780336722984165
"410",-0.105360515657826,1,34,-0.00780336722984165
"411",0.53062825106217,0,35,-0.881828920506582
"412",0.336472236621213,0,35,-0.881828920506582
"413",0.693147180559945,1,35,-0.881828920506582
"414",0,1,35,-0.881828920506582
"415",0,0,35,-0.881828920506582
"416",1.02961941718116,1,35,-0.881828920506582
"417",0.262364264467491,1,35,-0.881828920506582
"418",2.42480272571829,1,36,0.311029878756367
"419",2.77258872223978,0,36,0.311029878756367
"420",0.262364264467491,1,37,-0.691596383667291
"421",0.262364264467491,0,37,-0.691596383667291
"422",0.470003629245736,0,37,-0.691596383667291
"423",-0.105360515657826,0,37,-0.691596383667291
"424",1.02961941718116,0,37,-0.691596383667291
"425",-0.693147180559945,0,37,-0.691596383667291
"426",0.405465108108164,0,37,-0.691596383667291
"427",1.96009478404727,0,37,-0.691596383667291
"428",-0.693147180559945,0,37,-0.691596383667291
"429",2.31253542384721,0,38,-0.681708848419116
"430",1.45861502269952,1,38,-0.681708848419116
"431",1.19392246847243,0,38,-0.681708848419116
"432",1.06471073699243,1,38,-0.681708848419116
"433",2.52572864430826,0,39,0.194447736591795
"434",1.43508452528932,1,39,0.194447736591795
"435",1.50407739677627,0,39,0.194447736591795
"436",1.3609765531356,0,39,0.194447736591795
"437",1.19392246847243,0,39,0.194447736591795
"438",2.86220088092947,0,40,0.444903746232023
"439",2.36085400111802,0,40,0.444903746232023
"440",2.06686275947298,0,40,0.444903746232023
"441",1.25276296849537,1,40,0.444903746232023
"442",1.87180217690159,0,41,0.39473440617801
"443",1.93152141160321,1,41,0.39473440617801
"444",1.62924053973028,0,41,0.39473440617801
"445",2.484906649788,0,41,0.39473440617801
"446",1.62924053973028,0,41,0.39473440617801
"447",2.18605127673809,0,41,0.39473440617801
"448",1.75785791755237,0,41,0.39473440617801
"449",1.52605630349505,0,41,0.39473440617801
"450",1.3609765531356,0,42,0.14960034272844
"451",0.405465108108164,1,43,0.0137648285757133
"452",3.16968558067743,0,43,0.0137648285757133
"453",-0.105360515657826,1,43,0.0137648285757133
"454",0.336472236621213,1,43,0.0137648285757133
"455",0.0953101798043249,1,43,0.0137648285757133
"456",1.02961941718116,0,43,0.0137648285757133
"457",3.87535902105655,0,43,0.0137648285757133
"458",-0.105360515657826,1,43,0.0137648285757133
"459",2.11625551480255,0,43,0.0137648285757133
"460",1.41098697371026,0,44,0.16586183575527
"461",-0.693147180559945,1,44,0.16586183575527
"462",1.90210752639692,0,44,0.16586183575527
"463",2.01490302054226,0,44,0.16586183575527
"464",2.21920348405499,0,44,0.16586183575527
"465",-0.693147180559945,0,44,0.16586183575527
"466",0.405465108108164,0,44,0.16586183575527
"467",2.33214389523559,0,45,0.140422593662249
"468",1.3609765531356,0,45,0.140422593662249
"469",0.587786664902119,0,45,0.140422593662249
"470",2.29253475714054,0,45,0.140422593662249
"471",0.832909122935104,0,45,0.140422593662249
"472",1.48160454092422,0,45,0.140422593662249
"473",1.02961941718116,0,45,0.140422593662249
"474",0.0953101798043249,1,45,0.140422593662249
"475",0.182321556793955,0,45,0.140422593662249
"476",0.470003629245736,1,45,0.140422593662249
"477",3.23474917402449,1,45,0.140422593662249
"478",-2.30258509299405,1,45,0.140422593662249
"479",2.36085400111802,0,45,0.140422593662249
"480",0.832909122935104,0,46,0.0239508741557865
"481",1.3609765531356,0,46,0.0239508741557865
"482",1.97408102602201,0,46,0.0239508741557865
"483",0.741937344729377,0,46,0.0239508741557865
"484",1.16315080980568,0,46,0.0239508741557865
"485",-0.693147180559945,1,47,-0.210059521766286
"486",1.7404661748405,0,47,-0.210059521766286
"487",0.336472236621213,0,48,-0.0932266518569275
"488",0.741937344729377,0,48,-0.0932266518569275
"489",1.48160454092422,0,48,-0.0932266518569275
"490",0.8754687373539,0,48,-0.0932266518569275
"491",1.58923520511658,0,48,-0.0932266518569275
"492",1.09861228866811,1,48,-0.0932266518569275
"493",1.09861228866811,0,48,-0.0932266518569275
"494",1.02961941718116,0,48,-0.0932266518569275
"495",1.3609765531356,0,48,-0.0932266518569275
"496",2.3887627892351,0,49,0.260932470709068
"497",1.85629799036563,0,49,0.260932470709068
"498",0.693147180559945,0,49,0.260932470709068
"499",1.09861228866811,0,49,0.260932470709068
"500",1.50407739677627,0,49,0.260932470709068
"501",0.741937344729377,0,49,0.260932470709068
"502",2.07944154167984,0,49,0.260932470709068
"503",0.262364264467491,1,49,0.260932470709068
"504",2.21920348405499,0,49,0.260932470709068
"505",0.0953101798043249,1,49,0.260932470709068
"506",2.36085400111802,0,49,0.260932470709068
"507",3.17805383034795,0,49,0.260932470709068
"508",2.2082744135228,0,49,0.260932470709068
"509",2.4932054526027,0,50,0.398849942735755
"510",2.09186406167839,0,51,0.248046873411091
"511",2.37954613413017,0,51,0.248046873411091
"512",1.43508452528932,0,51,0.248046873411091
"513",2.75366071235426,0,51,0.248046873411091
"514",1.68639895357023,0,52,0.405451774685941
"515",1.82454929205105,0,52,0.405451774685941
"516",2.27212588550934,0,52,0.405451774685941
"517",2.09186406167839,0,53,0.265221716521598
"518",0.470003629245736,0,53,0.265221716521598
"519",0.470003629245736,1,53,0.265221716521598
"520",1.85629799036563,0,54,0.24315007938984
"521",1.48160454092422,0,54,0.24315007938984
"522",2.41591377830105,0,54,0.24315007938984
"523",2.30258509299405,0,54,0.24315007938984
"524",1.50407739677627,0,54,0.24315007938984
"525",2.07944154167984,0,54,0.24315007938984
"526",0.832909122935104,0,54,0.24315007938984
"527",1.16315080980568,0,54,0.24315007938984
"528",1.6094379124341,0,54,0.24315007938984
"529",1.41098697371026,0,54,0.24315007938984
"530",0.0953101798043249,0,54,0.24315007938984
"531",0.693147180559945,0,54,0.24315007938984
"532",0.0953101798043249,1,54,0.24315007938984
"533",1.06471073699243,0,54,0.24315007938984
"534",0.741937344729377,0,54,0.24315007938984
"535",2.05412373369555,0,54,0.24315007938984
"536",1.33500106673234,0,54,0.24315007938984
"537",0.916290731874155,0,54,0.24315007938984
"538",1.06471073699243,0,54,0.24315007938984
"539",0.53062825106217,1,54,0.24315007938984
"540",0.916290731874155,0,54,0.24315007938984
"541",2.24070968927596,0,54,0.24315007938984
"542",-0.510825623765991,1,54,0.24315007938984
"543",0.993251773010283,0,55,-0.20473036924229
"544",0.0953101798043249,1,55,-0.20473036924229
"545",0.741937344729377,1,55,-0.20473036924229
"546",2.484906649788,0,55,-0.20473036924229
"547",2.53369681395743,1,55,-0.20473036924229
"548",1.16315080980568,0,55,-0.20473036924229
"549",1.43508452528932,0,55,-0.20473036924229
"550",1.33500106673234,0,55,-0.20473036924229
"551",1.30833281965018,1,56,-0.0740276676859043
"552",1.75785791755237,0,56,-0.0740276676859043
"553",-1.20397280432594,1,56,-0.0740276676859043
"554",1.41098697371026,0,57,-0.163292169547294
"555",1.02961941718116,0,57,-0.163292169547294
"556",0.641853886172395,0,57,-0.163292169547294
"557",0.182321556793955,1,57,-0.163292169547294
"558",0.182321556793955,0,57,-0.163292169547294
"559",0.405465108108164,0,57,-0.163292169547294
"560",2.24070968927596,0,58,0.478604039464906
"561",0.53062825106217,0,58,0.478604039464906
"562",2.4932054526027,0,58,0.478604039464906
"563",1.45861502269952,1,58,0.478604039464906
"564",1.93152141160321,0,59,0.266111082523638
"565",0.336472236621213,1,59,0.266111082523638
"566",0.916290731874155,1,59,0.266111082523638
"567",2.26176309847379,0,59,0.266111082523638
"568",1.33500106673234,0,60,0.281148273600784
"569",1.22377543162212,0,60,0.281148273600784
"570",1.91692261218206,0,61,-0.418053510614464
"571",1.28093384546206,0,61,-0.418053510614464
"572",0.78845736036427,0,61,-0.418053510614464
"573",0.955511445027436,0,61,-0.418053510614464
"574",0.741937344729377,0,61,-0.418053510614464
"575",1.94591014905531,0,61,-0.418053510614464
"576",0.182321556793955,0,61,-0.418053510614464
"577",1.33500106673234,0,61,-0.418053510614464
"578",1.25276296849537,0,61,-0.418053510614464
"579",1.43508452528932,0,61,-0.418053510614464
"580",0.470003629245736,1,61,-0.418053510614464
"581",1.02961941718116,1,61,-0.418053510614464
"582",2.15176220325946,0,61,-0.418053510614464
"583",1.82454929205105,0,61,-0.418053510614464
"584",1.64865862558738,0,61,-0.418053510614464
"585",0.993251773010283,0,61,-0.418053510614464
"586",0.182321556793955,0,61,-0.418053510614464
"587",1.25276296849537,0,61,-0.418053510614464
"588",1.70474809223843,0,61,-0.418053510614464
"589",2.31253542384721,1,61,-0.418053510614464
"590",1.70474809223843,0,61,-0.418053510614464
"591",0.182321556793955,0,61,-0.418053510614464
"592",1.58923520511658,0,61,-0.418053510614464
"593",1.38629436111989,0,61,-0.418053510614464
"594",1.25276296849537,0,61,-0.418053510614464
"595",0.916290731874155,0,61,-0.418053510614464
"596",0.182321556793955,0,61,-0.418053510614464
"597",0.993251773010283,0,61,-0.418053510614464
"598",0.53062825106217,0,61,-0.418053510614464
"599",1.1314021114911,0,61,-0.418053510614464
"600",-0.356674943938732,0,61,-0.418053510614464
"601",0,0,61,-0.418053510614464
"602",0.641853886172395,0,62,0.366322258590098
"603",1.33500106673234,0,62,0.366322258590098
"604",2.18605127673809,0,62,0.366322258590098
"605",2.00148000021012,0,62,0.366322258590098
"606",3.03013370027132,1,62,0.366322258590098
"607",1.79175946922805,0,63,0.380577976600215
"608",0.741937344729377,0,63,0.380577976600215
"609",1.75785791755237,1,63,0.380577976600215
"610",2.27212588550934,0,64,0.193146092877103
"611",1.85629799036563,0,64,0.193146092877103
"612",1.52605630349505,0,64,0.193146092877103
"613",1.7227665977411,0,64,0.193146092877103
"614",2.94443897916644,0,64,0.193146092877103
"615",0.8754687373539,1,64,0.193146092877103
"616",1.09861228866811,0,64,0.193146092877103
"617",1.62924053973028,0,64,0.193146092877103
"618",2.04122032885964,0,64,0.193146092877103
"619",2.09186406167839,0,64,0.193146092877103
"620",1.54756250871601,0,64,0.193146092877103
"621",2.12823170584927,0,65,0.528024865192056
"622",0.470003629245736,0,65,0.528024865192056
"623",1.79175946922805,1,66,-0.212045364648176
"624",0.0953101798043249,1,66,-0.212045364648176
"625",2.43361335540045,0,66,-0.212045364648176
"626",1.45861502269952,1,66,-0.212045364648176
"627",1.28093384546206,1,66,-0.212045364648176
"628",2.33214389523559,0,66,-0.212045364648176
"629",1.22377543162212,1,66,-0.212045364648176
"630",1.1314021114911,0,66,-0.212045364648176
"631",1.28093384546206,0,66,-0.212045364648176
"632",0.993251773010283,0,66,-0.212045364648176
"633",1.38629436111989,0,66,-0.212045364648176
"634",0.182321556793955,1,66,-0.212045364648176
"635",0.53062825106217,1,66,-0.212045364648176
"636",1.43508452528932,1,66,-0.212045364648176
"637",2.96010509591084,1,67,0.0631156343140753
"638",2.2082744135228,1,67,0.0631156343140753
"639",0.693147180559945,0,67,0.0631156343140753
"640",2.43361335540045,0,67,0.0631156343140753
"641",2.32238772029023,0,67,0.0631156343140753
"642",0.741937344729377,1,67,0.0631156343140753
"643",0.182321556793955,0,67,0.0631156343140753
"644",1.16315080980568,0,67,0.0631156343140753
"645",0.693147180559945,1,67,0.0631156343140753
"646",1.45861502269952,0,67,0.0631156343140753
"647",0.78845736036427,0,67,0.0631156343140753
"648",1.68639895357023,0,67,0.0631156343140753
"649",3.22684399451738,0,67,0.0631156343140753
"650",1.62924053973028,0,68,-0.683436482376788
"651",0.832909122935104,0,68,-0.683436482376788
"652",1.16315080980568,0,68,-0.683436482376788
"653",0.916290731874155,0,68,-0.683436482376788
"654",1.02961941718116,0,68,-0.683436482376788
"655",1.1314021114911,0,68,-0.683436482376788
"656",0.470003629245736,0,68,-0.683436482376788
"657",1.54756250871601,0,68,-0.683436482376788
"658",1.38629436111989,0,69,0.23721212323308
"659",1.6094379124341,0,69,0.23721212323308
"660",0.405465108108164,0,69,0.23721212323308
"661",1.56861591791385,0,69,0.23721212323308
"662",-0.22314355131421,0,70,-0.474673717150503
"663",-0.693147180559945,1,70,-0.474673717150503
"664",0.8754687373539,0,70,-0.474673717150503
"665",0.832909122935104,0,70,-0.474673717150503
"666",1.52605630349505,0,70,-0.474673717150503
"667",2.39789527279837,0,70,-0.474673717150503
"668",2.70136121295141,0,70,-0.474673717150503
"669",2.15176220325946,0,70,-0.474673717150503
"670",1.50407739677627,0,70,-0.474673717150503
"671",0.405465108108164,0,70,-0.474673717150503
"672",1.3609765531356,0,70,-0.474673717150503
"673",0.587786664902119,0,70,-0.474673717150503
"674",0.470003629245736,0,70,-0.474673717150503
"675",-0.693147180559945,0,70,-0.474673717150503
"676",-0.916290731874155,1,70,-0.474673717150503
"677",-0.693147180559945,1,70,-0.474673717150503
"678",2.16332302566054,0,70,-0.474673717150503
"679",0.470003629245736,1,70,-0.474673717150503
"680",0.336472236621213,0,70,-0.474673717150503
"681",2.16332302566054,0,70,-0.474673717150503
"682",2.40694510831829,0,70,-0.474673717150503
"683",0.405465108108164,0,70,-0.474673717150503
"684",0.0953101798043249,0,70,-0.474673717150503
"685",-0.105360515657826,1,70,-0.474673717150503
"686",-0.356674943938732,0,70,-0.474673717150503
"687",1.43508452528932,0,70,-0.474673717150503
"688",1.22377543162212,0,70,-0.474673717150503
"689",0.741937344729377,1,70,-0.474673717150503
"690",1.06471073699243,0,70,-0.474673717150503
"691",0.587786664902119,0,70,-0.474673717150503
"692",0.587786664902119,0,70,-0.474673717150503
"693",0.8754687373539,0,70,-0.474673717150503
"694",0.53062825106217,0,70,-0.474673717150503
"695",-0.22314355131421,1,70,-0.474673717150503
"696",2.45958884180371,0,70,-0.474673717150503
"697",0.587786664902119,0,70,-0.474673717150503
"698",1.02961941718116,0,70,-0.474673717150503
"699",1.25276296849537,1,70,-0.474673717150503
"700",1.28093384546206,0,70,-0.474673717150503
"701",1.25276296849537,0,70,-0.474673717150503
"702",1.09861228866811,0,70,-0.474673717150503
"703",1.16315080980568,1,70,-0.474673717150503
"704",1.1314021114911,0,70,-0.474673717150503
"705",1.19392246847243,0,70,-0.474673717150503
"706",0.53062825106217,1,70,-0.474673717150503
"707",1.7227665977411,0,70,-0.474673717150503
"708",1.22377543162212,0,70,-0.474673717150503
"709",0.405465108108164,0,70,-0.474673717150503
"710",3.47196645255036,0,70,-0.474673717150503
"711",0.0953101798043249,0,70,-0.474673717150503
"712",0.741937344729377,0,70,-0.474673717150503
"713",-0.22314355131421,0,70,-0.474673717150503
"714",0.405465108108164,0,70,-0.474673717150503
"715",0.262364264467491,0,70,-0.474673717150503
"716",1.1314021114911,0,70,-0.474673717150503
"717",1.97408102602201,0,70,-0.474673717150503
"718",0.336472236621213,0,70,-0.474673717150503
"719",0.262364264467491,0,70,-0.474673717150503
"720",0.405465108108164,0,70,-0.474673717150503
"721",1.6094379124341,0,70,-0.474673717150503
"722",0.832909122935104,0,70,-0.474673717150503
"723",0.8754687373539,0,70,-0.474673717150503
"724",0.182321556793955,0,70,-0.474673717150503
"725",1.68639895357023,0,70,-0.474673717150503
"726",0.0953101798043249,0,70,-0.474673717150503
"727",0.336472236621213,0,70,-0.474673717150503
"728",1.97408102602201,1,70,-0.474673717150503
"729",0.0953101798043249,0,70,-0.474673717150503
"730",1.19392246847243,0,70,-0.474673717150503
"731",1.16315080980568,0,70,-0.474673717150503
"732",0.405465108108164,0,70,-0.474673717150503
"733",1.28093384546206,0,70,-0.474673717150503
"734",-0.22314355131421,0,70,-0.474673717150503
"735",0.470003629245736,0,70,-0.474673717150503
"736",0.336472236621213,0,70,-0.474673717150503
"737",0.993251773010283,0,70,-0.474673717150503
"738",1.19392246847243,0,70,-0.474673717150503
"739",-0.105360515657826,0,70,-0.474673717150503
"740",-0.510825623765991,0,70,-0.474673717150503
"741",0.693147180559945,0,70,-0.474673717150503
"742",0.641853886172395,0,70,-0.474673717150503
"743",-0.105360515657826,0,70,-0.474673717150503
"744",1.68639895357023,0,70,-0.474673717150503
"745",0.405465108108164,0,70,-0.474673717150503
"746",1.1314021114911,0,70,-0.474673717150503
"747",0.587786664902119,0,70,-0.474673717150503
"748",-0.105360515657826,1,70,-0.474673717150503
"749",1.19392246847243,0,70,-0.474673717150503
"750",0.53062825106217,0,70,-0.474673717150503
"751",1.1314021114911,0,70,-0.474673717150503
"752",-0.356674943938732,1,70,-0.474673717150503
"753",1.45861502269952,0,70,-0.474673717150503
"754",0.336472236621213,0,70,-0.474673717150503
"755",0.587786664902119,0,70,-0.474673717150503
"756",0.405465108108164,0,70,-0.474673717150503
"757",0.78845736036427,1,70,-0.474673717150503
"758",0.8754687373539,0,70,-0.474673717150503
"759",0.993251773010283,0,70,-0.474673717150503
"760",0.53062825106217,0,70,-0.474673717150503
"761",0.0953101798043249,1,70,-0.474673717150503
"762",0.587786664902119,1,70,-0.474673717150503
"763",-1.6094379124341,0,70,-0.474673717150503
"764",0.78845736036427,0,70,-0.474673717150503
"765",1.52605630349505,0,70,-0.474673717150503
"766",0.741937344729377,0,70,-0.474673717150503
"767",0.693147180559945,0,70,-0.474673717150503
"768",-0.356674943938732,0,70,-0.474673717150503
"769",1.85629799036563,0,70,-0.474673717150503
"770",1.09861228866811,0,70,-0.474673717150503
"771",0.693147180559945,0,70,-0.474673717150503
"772",-0.105360515657826,0,70,-0.474673717150503
"773",1.19392246847243,0,70,-0.474673717150503
"774",0.587786664902119,0,70,-0.474673717150503
"775",0.587786664902119,0,70,-0.474673717150503
"776",0.78845736036427,0,70,-0.474673717150503
"777",1.45861502269952,0,70,-0.474673717150503
"778",2.01490302054226,0,71,0.116395406677788
"779",1.85629799036563,0,71,0.116395406677788
"780",2.11625551480255,0,71,0.116395406677788
"781",0.741937344729377,0,71,0.116395406677788
"782",1.19392246847243,0,71,0.116395406677788
"783",0.262364264467491,0,71,0.116395406677788
"784",1.6094379124341,0,71,0.116395406677788
"785",0,1,71,0.116395406677788
"786",1.94591014905531,0,71,0.116395406677788
"787",1.7404661748405,0,71,0.116395406677788
"788",2.31253542384721,0,71,0.116395406677788
"789",1.88706964903238,0,71,0.116395406677788
"790",0.955511445027436,1,71,0.116395406677788
"791",1.19392246847243,0,71,0.116395406677788
"792",0.405465108108164,1,71,0.116395406677788
"793",1.6094379124341,0,71,0.116395406677788
"794",2.00148000021012,0,71,0.116395406677788
"795",2.67414864942653,0,71,0.116395406677788
"796",0.587786664902119,0,71,0.116395406677788
"797",2.00148000021012,0,71,0.116395406677788
"798",0.955511445027436,0,71,0.116395406677788
"799",1.30833281965018,0,71,0.116395406677788
"800",0.641853886172395,0,71,0.116395406677788
"801",0.78845736036427,1,71,0.116395406677788
"802",1.6094379124341,0,71,0.116395406677788
"803",1.98787434815435,0,72,0.269805738660408
"804",1.30833281965018,0,72,0.269805738660408
"805",1.06471073699243,0,72,0.269805738660408
"806",1.48160454092422,0,72,0.269805738660408
"807",2.12823170584927,0,72,0.269805738660408
"808",1.62924053973028,0,72,0.269805738660408
"809",1.28093384546206,0,72,0.269805738660408
"810",0.405465108108164,0,72,0.269805738660408
"811",2.15176220325946,0,72,0.269805738660408
"812",2.36085400111802,0,72,0.269805738660408
"813",2.07944154167984,0,73,0.470778329088307
"814",1.50407739677627,0,73,0.470778329088307
"815",1.09861228866811,0,74,0.316028975591628
"816",0.8754687373539,0,74,0.316028975591628
"817",0.405465108108164,0,74,0.316028975591628
"818",1.56861591791385,0,74,0.316028975591628
"819",1.91692261218206,0,75,-0.0468400668458182
"820",0.741937344729377,0,75,-0.0468400668458182
"821",1.79175946922805,1,75,-0.0468400668458182
"822",1.06471073699243,1,76,0.497594476916848
"823",1.90210752639692,0,76,0.497594476916848
"824",2.96010509591084,0,76,0.497594476916848
"825",1.38629436111989,0,76,0.497594476916848
"826",1.77495235091167,0,77,0.150082415651304
"827",2.19722457733622,0,77,0.150082415651304
"828",2.12823170584927,0,77,0.150082415651304
"829",0.0953101798043249,1,77,0.150082415651304
"830",1.1314021114911,0,77,0.150082415651304
"831",2.4423470353692,0,77,0.150082415651304
"832",2.26176309847379,0,77,0.150082415651304
"833",1.06471073699243,0,78,-0.672029731746026
"834",-0.356674943938732,1,78,-0.672029731746026
"835",1.16315080980568,1,78,-0.672029731746026
"836",1.54756250871601,0,78,-0.672029731746026
"837",1.56861591791385,0,78,-0.672029731746026
"838",-0.916290731874155,0,79,0.212414197101124
"839",2.23001440015921,0,79,0.212414197101124
"840",0.53062825106217,0,79,0.212414197101124
"841",-0.105360515657826,1,79,0.212414197101124
"842",2.32238772029023,0,80,-0.147484283042756
"843",2.04122032885964,0,80,-0.147484283042756
"844",0.78845736036427,0,80,-0.147484283042756
"845",1.87180217690159,0,80,-0.147484283042756
"846",2.50143595173921,0,80,-0.147484283042756
"847",1.52605630349505,0,80,-0.147484283042756
"848",1.82454929205105,0,80,-0.147484283042756
"849",1.87180217690159,0,80,-0.147484283042756
"850",1.02961941718116,0,80,-0.147484283042756
"851",0.641853886172395,0,80,-0.147484283042756
"852",0.182321556793955,1,80,-0.147484283042756
"853",0.8754687373539,0,80,-0.147484283042756
"854",0,0,80,-0.147484283042756
"855",0.182321556793955,1,80,-0.147484283042756
"856",0.470003629245736,0,80,-0.147484283042756
"857",-0.22314355131421,0,80,-0.147484283042756
"858",0.53062825106217,0,80,-0.147484283042756
"859",1.54756250871601,0,80,-0.147484283042756
"860",0.53062825106217,1,80,-0.147484283042756
"861",1.19392246847243,0,80,-0.147484283042756
"862",-0.22314355131421,1,80,-0.147484283042756
"863",2.28238238567653,0,80,-0.147484283042756
"864",1.66770682055808,0,80,-0.147484283042756
"865",2.14006616349627,0,80,-0.147484283042756
"866",0.641853886172395,0,80,-0.147484283042756
"867",1.88706964903238,0,80,-0.147484283042756
"868",1.33500106673234,0,80,-0.147484283042756
"869",1.77495235091167,0,80,-0.147484283042756
"870",1.58923520511658,0,80,-0.147484283042756
"871",0.916290731874155,1,80,-0.147484283042756
"872",2.37024374146786,0,80,-0.147484283042756
"873",0.8754687373539,0,80,-0.147484283042756
"874",0.741937344729377,0,80,-0.147484283042756
"875",1.54756250871601,0,80,-0.147484283042756
"876",1.30833281965018,0,80,-0.147484283042756
"877",2.59525470695687,0,80,-0.147484283042756
"878",1.06471073699243,0,80,-0.147484283042756
"879",1.45861502269952,0,80,-0.147484283042756
"880",1.33500106673234,0,80,-0.147484283042756
"881",0.587786664902119,0,80,-0.147484283042756
"882",0.405465108108164,0,80,-0.147484283042756
"883",0.587786664902119,0,80,-0.147484283042756
"884",0.262364264467491,0,80,-0.147484283042756
"885",1.88706964903238,0,80,-0.147484283042756
"886",3.01553490085017,0,80,-0.147484283042756
"887",1.79175946922805,0,80,-0.147484283042756
"888",2.62466859216316,0,81,0.183237803578308
"889",2.32238772029023,1,81,0.183237803578308
"890",1.7404661748405,1,81,0.183237803578308
"891",2.23001440015921,0,82,0.236036084296147
"892",1.22377543162212,0,83,0.463211867357523
"893",1.41098697371026,0,83,0.463211867357523
"894",2.45100509811232,0,83,0.463211867357523
"895",1.97408102602201,0,83,0.463211867357523
"896",1.54756250871601,0,83,0.463211867357523
"897",0.587786664902119,1,83,0.463211867357523
"898",-0.356674943938732,1,83,0.463211867357523
"899",1.54756250871601,0,83,0.463211867357523
"900",2.32238772029023,0,83,0.463211867357523
"901",2.42480272571829,0,83,0.463211867357523
"902",2.02814824729229,0,83,0.463211867357523
"903",2.46809953147162,0,83,0.463211867357523
"904",-0.693147180559945,1,83,0.463211867357523
"905",1.90210752639692,0,84,-0.0900242748478867
"906",1.66770682055808,0,84,-0.0900242748478867
"907",1.1314021114911,0,84,-0.0900242748478867
"908",0.741937344729377,0,84,-0.0900242748478867
"909",1.98787434815435,0,84,-0.0900242748478867
"910",1.62924053973028,0,84,-0.0900242748478867
"911",0.78845736036427,0,84,-0.0900242748478867
"912",0.832909122935104,1,84,-0.0900242748478867
"913",2.76631910922619,0,84,-0.0900242748478867
"914",2.2512917986065,0,84,-0.0900242748478867
"915",1.85629799036563,0,84,-0.0900242748478867
"916",1.50407739677627,0,84,-0.0900242748478867
"917",1.6094379124341,0,84,-0.0900242748478867
"918",1.30833281965018,0,85,0.355286981163884
"919",1.06471073699243,0,85,0.355286981163884
