,Unnamed: 0,Pig,Evit,Cu,Litter,Start,Weight,Feed,Time
0,1,4601,Evit000,Cu000,1,26.5,26.5,,1
1,2,4601,Evit000,Cu000,1,26.5,27.599990000000002,5.200005,2
2,3,4601,Evit000,Cu000,1,26.5,36.5,17.6,3
3,4,4601,Evit000,Cu000,1,26.5,40.29999,28.5,4
4,5,4601,Evit000,Cu000,1,26.5,49.09998,45.200001,5
5,6,4601,Evit000,Cu000,1,26.5,55.39999,56.900002,6
6,7,4601,Evit000,Cu000,1,26.5,59.59998,71.700005,7
7,8,4601,Evit000,Cu000,1,26.5,67.0,86.800001,8
8,9,4601,Evit000,Cu000,1,26.5,76.59998,104.900002,9
9,10,4601,Evit000,Cu000,1,26.5,86.5,123.0,10
10,11,4601,Evit000,Cu000,1,26.5,91.59998,140.900002,11
11,12,4601,Evit000,Cu000,1,26.5,98.59998,160.0,12
12,13,4602,Evit000,Cu035,1,28.29999,28.29999,,1
13,14,4602,Evit000,Cu035,1,28.29999,30.099990000000002,3.300003,2
14,15,4602,Evit000,Cu035,1,28.29999,38.29999,13.200001,3
15,16,4602,Evit000,Cu035,1,28.29999,44.5,26.1,4
16,17,4602,Evit000,Cu035,1,28.29999,51.59998,43.600002,5
17,18,4602,Evit000,Cu035,1,28.29999,57.59998,55.200001,6
18,19,4602,Evit000,Cu035,1,28.29999,65.0,72.800003,7
19,20,4602,Evit000,Cu035,1,28.29999,73.0,90.800003,8
20,21,4602,Evit000,Cu035,1,28.29999,82.29999000000001,112.200001,9
21,22,4602,Evit000,Cu035,1,28.29999,91.0,132.900002,10
22,23,4602,Evit000,Cu035,1,28.29999,99.69995,156.1,11
23,24,4602,Evit000,Cu035,1,28.29999,106.69995,180.0,12
24,25,4603,Evit200,Cu175,1,27.599990000000002,27.599990000000002,,1
25,26,4603,Evit200,Cu175,1,27.599990000000002,30.599990000000002,6.700005,2
26,27,4603,Evit200,Cu175,1,27.599990000000002,38.69998,17.6,3
27,28,4603,Evit200,Cu175,1,27.599990000000002,47.19998,32.800003000000004,4
28,29,4603,Evit200,Cu175,1,27.599990000000002,54.09998,50.0,5
29,30,4603,Evit200,Cu175,1,27.599990000000002,61.5,64.600002,6
30,31,4603,Evit200,Cu175,1,27.599990000000002,68.5,80.5,7
31,32,4603,Evit200,Cu175,1,27.599990000000002,75.19995,91.800003,8
32,33,4603,Evit200,Cu175,1,27.599990000000002,81.69995,110.200005,9
33,34,4603,Evit200,Cu175,1,27.599990000000002,90.19995,125.600002,10
34,35,4603,Evit200,Cu175,1,27.599990000000002,98.39996,145.0,11
35,36,4603,Evit200,Cu175,1,27.599990000000002,105.39996000000001,166.0,12
36,37,4605,Evit100,Cu035,1,31.5,31.5,,1
37,38,4605,Evit100,Cu035,1,31.5,34.79999,6.5,2
38,39,4605,Evit100,Cu035,1,31.5,40.69998,20.0,3
39,40,4605,Evit100,Cu035,1,31.5,47.69998,33.100002,4
40,41,4605,Evit100,Cu035,1,31.5,55.89999,51.800003000000004,5
41,42,4605,Evit100,Cu035,1,31.5,62.199980000000004,65.800003,6
42,43,4605,Evit100,Cu035,1,31.5,70.69995,81.700005,7
43,44,4605,Evit100,Cu035,1,31.5,78.0,97.0,8
44,45,4605,Evit100,Cu035,1,31.5,86.19995,115.300003,9
45,46,4605,Evit100,Cu035,1,31.5,94.69995,133.100002,10
46,47,4605,Evit100,Cu035,1,31.5,102.0,151.0,11
47,48,4605,Evit100,Cu035,1,31.5,109.19995,176.400002,12
48,49,4641,Evit100,Cu175,2,27.099990000000002,27.099990000000002,,1
49,50,4641,Evit100,Cu175,2,27.099990000000002,33.0,5.200001,2
50,51,4641,Evit100,Cu175,2,27.099990000000002,42.5,22.5,3
51,52,4641,Evit100,Cu175,2,27.099990000000002,50.09998,38.5,4
52,53,4641,Evit100,Cu175,2,27.099990000000002,56.5,53.300003000000004,5
53,54,4641,Evit100,Cu175,2,27.099990000000002,63.0,69.8,6
54,55,4641,Evit100,Cu175,2,27.099990000000002,72.5,85.100002,7
55,56,4641,Evit100,Cu175,2,27.099990000000002,80.5,101.10000600000001,8
56,57,4641,Evit100,Cu175,2,27.099990000000002,92.0,121.400002,9
57,58,4641,Evit100,Cu175,2,27.099990000000002,100.0,142.20000100000001,10
58,59,4641,Evit100,Cu175,2,27.099990000000002,108.39996000000001,157.0,11
59,60,4641,Evit100,Cu175,2,27.099990000000002,117.0,180.0,12
60,61,4643,Evit000,Cu000,2,27.0,27.0,,1
61,62,4643,Evit000,Cu000,2,27.0,31.79999,6.400002,2
62,63,4643,Evit000,Cu000,2,27.0,39.0,21.5,3
63,64,4643,Evit000,Cu000,2,27.0,44.79999,33.900002,4
64,65,4643,Evit000,Cu000,2,27.0,50.89999,44.900002,5
65,66,4643,Evit000,Cu000,2,27.0,57.39999,58.8,6
66,67,4643,Evit000,Cu000,2,27.0,62.5,73.700001,7
67,68,4643,Evit000,Cu000,2,27.0,71.69995,92.800003,8
68,69,4643,Evit000,Cu000,2,27.0,78.19995,111.5,9
69,70,4643,Evit000,Cu000,2,27.0,85.79999000000001,132.800003,10
70,71,4643,Evit000,Cu000,2,27.0,91.79999000000001,148.400001,11
71,72,4643,Evit000,Cu000,2,27.0,100.19995,170.0,12
72,73,4645,Evit200,Cu035,2,27.7,27.7,,1
73,74,4645,Evit200,Cu035,2,27.7,33.59998,10.0,2
74,75,4645,Evit200,Cu035,2,27.7,44.0,28.5,3
75,76,4645,Evit200,Cu035,2,27.7,46.69998,40.0,4
76,77,4645,Evit200,Cu035,2,27.7,54.79999,55.200001,5
77,78,4645,Evit200,Cu035,2,27.7,61.0,69.0,6
78,79,4645,Evit200,Cu035,2,27.7,69.79999000000001,88.0,7
79,80,4645,Evit200,Cu035,2,27.7,76.0,104.400002,8
80,81,4645,Evit200,Cu035,2,27.7,83.59998,121.800003,9
81,82,4645,Evit200,Cu035,2,27.7,88.19995,140.0,10
82,83,4645,Evit200,Cu035,2,27.7,96.79999000000001,157.20000100000001,11
83,84,4645,Evit200,Cu035,2,27.7,102.29999000000001,180.0,12
84,85,4756,Evit200,Cu000,3,17.0,17.0,,1
85,86,4756,Evit200,Cu000,3,17.0,19.0,9.900002,2
86,87,4756,Evit200,Cu000,3,17.0,23.59999,18.5,3
87,88,4756,Evit200,Cu000,3,17.0,30.0,28.900002,4
88,89,4756,Evit200,Cu000,3,17.0,36.29999,38.100002,5
89,90,4756,Evit200,Cu000,3,17.0,42.39999,52.799999,6
90,91,4756,Evit200,Cu000,3,17.0,50.5,66.799999,7
91,92,4756,Evit200,Cu000,3,17.0,57.59998,86.0,8
92,93,4756,Evit200,Cu000,3,17.0,66.59998,106.0,9
93,94,4756,Evit200,Cu000,3,17.0,74.19995,123.0,10
94,95,4756,Evit200,Cu000,3,17.0,83.0,141.900002,11
95,96,4756,Evit200,Cu000,3,17.0,89.29999000000001,163.70000100000001,12
96,97,4757,Evit000,Cu000,3,26.899990000000003,26.899990000000003,,1
97,98,4757,Evit000,Cu000,3,26.899990000000003,32.29999,9.900002,2
98,99,4757,Evit000,Cu000,3,26.899990000000003,38.59998,20.200004999999997,3
99,100,4757,Evit000,Cu000,3,26.899990000000003,46.0,30.0,4
100,101,4757,Evit000,Cu000,3,26.899990000000003,57.79999,40.0,5
101,102,4757,Evit000,Cu000,3,26.899990000000003,58.59998,62.800003000000004,6
102,103,4757,Evit000,Cu000,3,26.899990000000003,65.89996,78.300003,7
103,104,4757,Evit000,Cu000,3,26.899990000000003,71.19995,97.900002,8
104,105,4757,Evit000,Cu000,3,26.899990000000003,79.39996,115.800003,9
105,106,4757,Evit000,Cu000,3,26.899990000000003,81.0,129.0,10
106,107,4757,Evit000,Cu000,3,26.899990000000003,91.69995,150.0,11
107,108,4757,Evit000,Cu000,3,26.899990000000003,91.0,156.800003,12
108,109,4759,Evit200,Cu035,3,22.59999,22.59999,,1
109,110,4759,Evit200,Cu035,3,22.59999,28.5,10.600006,2
110,111,4759,Evit200,Cu035,3,22.59999,32.69998,21.100006,3
111,112,4759,Evit200,Cu035,3,22.59999,39.89999,33.300003000000004,4
112,113,4759,Evit200,Cu035,3,22.59999,47.59998,47.1,5
113,114,4759,Evit200,Cu035,3,22.59999,53.79999,63.400002,6
114,115,4759,Evit200,Cu035,3,22.59999,63.0,80.800003,7
115,116,4759,Evit200,Cu035,3,22.59999,67.19995,98.100002,8
116,117,4759,Evit200,Cu035,3,22.59999,74.09998,111.900002,9
117,118,4759,Evit200,Cu035,3,22.59999,80.0,128.900002,10
118,119,4759,Evit200,Cu035,3,22.59999,89.39996,152.100002,11
119,120,4759,Evit200,Cu035,3,22.59999,93.5,171.700005,12
120,121,4760,Evit000,Cu175,3,15.0,15.0,,1
121,122,4760,Evit000,Cu175,3,15.0,19.39999,7.900002000000001,2
122,123,4760,Evit000,Cu175,3,15.0,21.39999,15.0,3
123,124,4760,Evit000,Cu175,3,15.0,25.29999,22.100002,4
124,125,4760,Evit000,Cu175,3,15.0,31.899990000000003,29.900002,5
125,126,4760,Evit000,Cu175,3,15.0,37.59998,41.800003000000004,6
126,127,4760,Evit000,Cu175,3,15.0,43.69998,57.60000600000001,7
127,128,4760,Evit000,Cu175,3,15.0,48.89999,69.5,8
128,129,4760,Evit000,Cu175,3,15.0,53.699980000000004,83.800003,9
129,130,4760,Evit000,Cu175,3,15.0,59.29999,93.200001,10
130,131,4760,Evit000,Cu175,3,15.0,64.89996,107.900002,11
131,132,4760,Evit000,Cu175,3,15.0,65.79999000000001,117.300003,12
132,133,4813,Evit000,Cu035,4,27.29999,27.29999,,1
133,134,4813,Evit000,Cu035,4,27.29999,32.39999,10.300003,2
134,135,4813,Evit000,Cu035,4,27.29999,38.29999,22.800003,3
135,136,4813,Evit000,Cu035,4,27.29999,45.79999,40.200005,4
136,137,4813,Evit000,Cu035,4,27.29999,53.79999,53.700005000000004,5
137,138,4813,Evit000,Cu035,4,27.29999,60.0,72.700005,6
138,139,4813,Evit000,Cu035,4,27.29999,68.69995,92.90000500000001,7
139,140,4813,Evit000,Cu035,4,27.29999,75.79999000000001,114.700005,8
140,141,4813,Evit000,Cu035,4,27.29999,80.79999000000001,132.800003,9
141,142,4813,Evit000,Cu035,4,27.29999,86.79999000000001,138.100006,10
142,143,4813,Evit000,Cu035,4,27.29999,91.39996,159.900005,11
143,144,4813,Evit000,Cu035,4,27.29999,99.79999000000001,182.100006,12
144,145,4814,Evit100,Cu035,4,26.2,26.2,,1
145,146,4814,Evit100,Cu035,4,26.2,31.099990000000002,9.900002,2
146,147,4814,Evit100,Cu035,4,26.2,34.59998,19.600006,3
147,148,4814,Evit100,Cu035,4,26.2,41.19998,30.0,4
148,149,4814,Evit100,Cu035,4,26.2,49.19998,37.400002,5
149,150,4814,Evit100,Cu035,4,26.2,55.59998,57.200005000000004,6
150,151,4814,Evit100,Cu035,4,26.2,62.59998,76.200005,7
151,152,4814,Evit100,Cu035,4,26.2,72.09998,93.000004,8
152,153,4814,Evit100,Cu035,4,26.2,77.5,109.800003,9
153,154,4814,Evit100,Cu035,4,26.2,83.79999000000001,127.400002,10
154,155,4814,Evit100,Cu035,4,26.2,93.39996,148.900002,11
155,156,4814,Evit100,Cu035,4,26.2,98.39996,174.400002,12
156,157,4815,Evit100,Cu175,4,24.89999,24.89999,,1
157,158,4815,Evit100,Cu175,4,24.89999,29.7,9.5,2
158,159,4815,Evit100,Cu175,4,24.89999,33.79999,19.0,3
159,160,4815,Evit100,Cu175,4,24.89999,38.79999,32.0,4
160,161,4815,Evit100,Cu175,4,24.89999,48.29999,45.5,5
161,162,4815,Evit100,Cu175,4,24.89999,52.89999,59.10000600000001,6
162,163,4815,Evit100,Cu175,4,24.89999,65.0,80.10000600000001,7
163,164,4815,Evit100,Cu175,4,24.89999,70.39996,104.600002,8
164,165,4815,Evit100,Cu175,4,24.89999,76.79999000000001,130.0,9
165,166,4815,Evit100,Cu175,4,24.89999,83.29999000000001,149.0,10
166,167,4815,Evit100,Cu175,4,24.89999,95.0,175.600006,11
167,168,4815,Evit100,Cu175,4,24.89999,102.69995,203.500008,12
168,169,4817,Evit000,Cu175,4,24.59999,24.59999,,1
169,170,4817,Evit000,Cu175,4,24.59999,28.0,9.0,2
170,171,4817,Evit000,Cu175,4,24.59999,34.59998,19.900002,3
171,172,4817,Evit000,Cu175,4,24.59999,41.5,33.900002,4
172,173,4817,Evit000,Cu175,4,24.59999,49.69998,47.000004,5
173,174,4817,Evit000,Cu175,4,24.59999,56.5,65.200001,6
174,175,4817,Evit000,Cu175,4,24.59999,66.89996,83.300003,7
175,176,4817,Evit000,Cu175,4,24.59999,75.79999000000001,106.400002,8
176,177,4817,Evit000,Cu175,4,24.59999,84.59998,125.900002,9
177,178,4817,Evit000,Cu175,4,24.59999,91.0,144.000004,10
178,179,4817,Evit000,Cu175,4,24.59999,98.79999000000001,168.20000100000001,11
179,180,4817,Evit000,Cu175,4,24.59999,107.19995,178.20000100000001,12
180,181,4854,Evit100,Cu000,6,29.0,29.0,,1
181,182,4854,Evit100,Cu000,6,29.0,32.69998,8.200001,2
182,183,4854,Evit100,Cu000,6,29.0,38.29999,19.800003,3
183,184,4854,Evit100,Cu000,6,29.0,45.5,30.0,4
184,185,4854,Evit100,Cu000,6,29.0,48.59998,40.0,5
185,186,4854,Evit100,Cu000,6,29.0,56.0,50.0,6
186,187,4854,Evit100,Cu000,6,29.0,62.59998,70.0,7
187,188,4854,Evit100,Cu000,6,29.0,70.19995,86.200001,8
188,189,4854,Evit100,Cu000,6,29.0,73.79999000000001,100.0,9
189,190,4854,Evit100,Cu000,6,29.0,80.29999000000001,120.5,10
190,191,4854,Evit100,Cu000,6,29.0,85.5,138.5,11
191,192,4854,Evit100,Cu000,6,29.0,93.09998,158.0,12
192,193,4856,Evit000,Cu000,6,32.0,32.0,,1
193,194,4856,Evit000,Cu000,6,32.0,35.19998,8.1,2
194,195,4856,Evit000,Cu000,6,32.0,41.5,19.600006,3
195,196,4856,Evit000,Cu000,6,32.0,47.69998,27.6,4
196,197,4856,Evit000,Cu000,6,32.0,53.79999,41.800003000000004,5
197,198,4856,Evit000,Cu000,6,32.0,61.59998,58.60000600000001,6
198,199,4856,Evit000,Cu000,6,32.0,70.0,75.200001,7
199,200,4856,Evit000,Cu000,6,32.0,79.09998,91.700005,8
200,201,4856,Evit000,Cu000,6,32.0,85.69995,109.0,9
201,202,4856,Evit000,Cu000,6,32.0,92.5,131.0,10
202,203,4856,Evit000,Cu000,6,32.0,101.09998,153.0,11
203,204,4856,Evit000,Cu000,6,32.0,109.0,177.6,12
204,205,4857,Evit000,Cu175,6,26.0,26.0,,1
205,206,4857,Evit000,Cu175,6,26.0,34.5,8.5,2
206,207,4857,Evit000,Cu175,6,26.0,40.39999,19.200004999999997,3
207,208,4857,Evit000,Cu175,6,26.0,45.0,29.0,4
208,209,4857,Evit000,Cu175,6,26.0,53.5,45.0,5
209,210,4857,Evit000,Cu175,6,26.0,60.199980000000004,62.300003000000004,6
210,211,4857,Evit000,Cu175,6,26.0,68.59998,89.700005,7
211,212,4857,Evit000,Cu175,6,26.0,73.39996,101.800003,8
212,213,4857,Evit000,Cu175,6,26.0,78.5,112.70000300000001,9
213,214,4857,Evit000,Cu175,6,26.0,86.0,135.300007,10
214,215,4857,Evit000,Cu175,6,26.0,90.59998,154.100002,11
215,216,4857,Evit000,Cu175,6,26.0,97.19995,168.700005,12
216,217,4858,Evit100,Cu035,6,28.0,28.0,,1
217,218,4858,Evit100,Cu035,6,28.0,31.2,8.0,2
218,219,4858,Evit100,Cu035,6,28.0,38.79999,16.700004999999997,3
219,220,4858,Evit100,Cu035,6,28.0,44.69998,31.800003000000004,4
220,221,4858,Evit100,Cu035,6,28.0,53.59998,50.500004,5
221,222,4858,Evit100,Cu035,6,28.0,59.199980000000004,71.10000600000001,6
222,223,4858,Evit100,Cu035,6,28.0,67.09998,87.10000600000001,7
223,224,4858,Evit100,Cu035,6,28.0,76.39996,107.300003,8
224,225,4858,Evit100,Cu035,6,28.0,83.79999000000001,133.200005,9
225,226,4858,Evit100,Cu035,6,28.0,71.59998,163.100006,10
226,227,4858,Evit100,Cu035,6,28.0,97.39996,190.800003,11
227,228,4858,Evit100,Cu035,6,28.0,107.09998,219.80000299999998,12
228,229,5389,Evit200,Cu175,7,24.29999,24.29999,,1
229,230,5389,Evit200,Cu175,7,24.29999,28.399990000000003,5.400002,2
230,231,5389,Evit200,Cu175,7,24.29999,36.0,20.0,3
231,232,5389,Evit200,Cu175,7,24.29999,40.29999,30.300003000000004,4
232,233,5389,Evit200,Cu175,7,24.29999,46.19998,41.800003000000004,5
233,234,5389,Evit200,Cu175,7,24.29999,51.89999,54.800003000000004,6
234,235,5389,Evit200,Cu175,7,24.29999,58.09998,69.000002,7
235,236,5389,Evit200,Cu175,7,24.29999,62.59998,83.800005,8
236,237,5389,Evit200,Cu175,7,24.29999,68.19995,97.200002,9
237,238,5389,Evit200,Cu175,7,24.29999,78.39996,114.20000300000001,10
238,239,5389,Evit200,Cu175,7,24.29999,87.5,131.100004,11
239,240,5389,Evit200,Cu175,7,24.29999,90.39996,147.000002,12
240,241,5392,Evit200,Cu035,7,24.59999,24.59999,,1
241,242,5392,Evit200,Cu035,7,24.59999,25.79999,7.700000999999999,2
242,243,5392,Evit200,Cu035,7,24.59999,28.599990000000002,19.999996,3
243,244,5392,Evit200,Cu035,7,24.59999,30.399990000000003,29.999996000000003,4
244,245,5392,Evit200,Cu035,7,24.59999,36.09998,39.999996,5
245,246,5392,Evit200,Cu035,7,24.59999,36.09998,47.499996,6
246,247,5392,Evit200,Cu035,7,24.59999,49.29999,62.499995999999996,7
247,248,5392,Evit200,Cu035,7,24.59999,57.89999,76.799999,8
248,249,5392,Evit200,Cu035,7,24.59999,63.0,89.499996,9
249,250,5392,Evit200,Cu035,7,24.59999,75.69995,104.999996,10
250,251,5392,Evit200,Cu035,7,24.59999,81.39996,123.999996,11
251,252,5392,Evit200,Cu035,7,24.59999,88.69995,142.799997,12
252,253,5497,Evit000,Cu000,8,21.2,21.2,,1
253,254,5497,Evit000,Cu000,8,21.2,25.79999,6.300001,2
254,255,5497,Evit000,Cu000,8,21.2,29.399990000000003,16.5,3
255,256,5497,Evit000,Cu000,8,21.2,36.79999,27.200001,4
256,257,5497,Evit000,Cu000,8,21.2,43.19998,40.200005,5
257,258,5497,Evit000,Cu000,8,21.2,51.09998,54.800003000000004,6
258,259,5497,Evit000,Cu000,8,21.2,59.29999,68.0,7
259,260,5497,Evit000,Cu000,8,21.2,66.0,85.200001,8
260,261,5497,Evit000,Cu000,8,21.2,72.79999000000001,101.10000600000001,9
261,262,5497,Evit000,Cu000,8,21.2,78.59998,119.5,10
262,263,5497,Evit000,Cu000,8,21.2,93.79999000000001,144.20000100000001,11
263,264,5497,Evit000,Cu000,8,21.2,95.19995,158.5,12
264,265,5500,Evit000,Cu035,8,17.0,17.0,,1
265,266,5500,Evit000,Cu035,8,17.0,19.0,5.200001,2
266,267,5500,Evit000,Cu035,8,17.0,23.0,18.5,3
267,268,5500,Evit000,Cu035,8,17.0,29.399990000000003,32.800003000000004,4
268,269,5500,Evit000,Cu035,8,17.0,34.59998,43.800003000000004,5
269,270,5500,Evit000,Cu035,8,17.0,40.59998,55.800003000000004,6
270,271,5500,Evit000,Cu035,8,17.0,46.59998,71.400002,7
271,272,5500,Evit000,Cu035,8,17.0,54.0,87.0,8
272,273,5500,Evit000,Cu035,8,17.0,62.5,103.800003,9
273,274,5500,Evit000,Cu035,8,17.0,70.0,124.800003,10
274,275,5500,Evit000,Cu035,8,17.0,78.29999000000001,147.300001,11
275,276,5500,Evit000,Cu035,8,17.0,83.19995,160.800003,12
276,277,5501,Evit100,Cu175,8,30.0,30.0,,1
277,278,5501,Evit100,Cu175,8,30.0,34.69998,10.0,2
278,279,5501,Evit100,Cu175,8,30.0,42.79999,22.5,3
279,280,5501,Evit100,Cu175,8,30.0,48.39999,35.200001,4
280,281,5501,Evit100,Cu175,8,30.0,53.29999,45.800003000000004,5
281,282,5501,Evit100,Cu175,8,30.0,60.0,60.0,6
282,283,5501,Evit100,Cu175,8,30.0,71.09998,75.200001,7
283,284,5501,Evit100,Cu175,8,30.0,77.39996,92.800003,8
284,285,5501,Evit100,Cu175,8,30.0,86.0,110.0,9
285,286,5501,Evit100,Cu175,8,30.0,94.5,128.0,10
286,287,5501,Evit100,Cu175,8,30.0,102.0,149.5,11
287,288,5501,Evit100,Cu175,8,30.0,104.59998,160.0,12
288,289,5502,Evit200,Cu000,8,29.599990000000002,29.599990000000002,,1
289,290,5502,Evit200,Cu000,8,29.599990000000002,34.19998,9.0,2
290,291,5502,Evit200,Cu000,8,29.599990000000002,43.0,21.400002,3
291,292,5502,Evit200,Cu000,8,29.599990000000002,50.0,36.5,4
292,293,5502,Evit200,Cu000,8,29.599990000000002,57.0,51.0,5
293,294,5502,Evit200,Cu000,8,29.599990000000002,63.5,66.800001,6
294,295,5502,Evit200,Cu000,8,29.599990000000002,72.69995,80.10000600000001,7
295,296,5502,Evit200,Cu000,8,29.599990000000002,78.69995,96.200001,8
296,297,5502,Evit200,Cu000,8,29.599990000000002,84.89996,109.800003,9
297,298,5502,Evit200,Cu000,8,29.599990000000002,91.0,126.800001,10
298,299,5502,Evit200,Cu000,8,29.599990000000002,96.39996,145.20000100000001,11
299,300,5502,Evit200,Cu000,8,29.599990000000002,100.19995,157.999996,12
300,301,5524,Evit100,Cu000,9,22.39999,22.39999,,1
301,302,5524,Evit100,Cu000,9,22.39999,25.2,10.0,2
302,303,5524,Evit100,Cu000,9,22.39999,30.0,26.699996999999996,3
303,304,5524,Evit100,Cu000,9,22.39999,36.5,39.799999,4
304,305,5524,Evit100,Cu000,9,22.39999,43.29999,55.199996999999996,5
305,306,5524,Evit100,Cu000,9,22.39999,50.0,74.499996,6
306,307,5524,Evit100,Cu000,9,22.39999,58.09998,85.999996,7
307,308,5524,Evit100,Cu000,9,22.39999,63.0,101.999996,8
308,309,5524,Evit100,Cu000,9,22.39999,70.69995,121.999996,9
309,310,5524,Evit100,Cu000,9,22.39999,78.09998,136.099997,10
310,311,5524,Evit100,Cu000,9,22.39999,83.5,136.099997,11
311,312,5527,Evit100,Cu175,9,26.599990000000002,26.599990000000002,,1
312,313,5527,Evit100,Cu175,9,26.599990000000002,28.2,10.0,2
313,314,5527,Evit100,Cu175,9,26.599990000000002,38.39999,30.0,3
314,315,5527,Evit100,Cu175,9,26.599990000000002,45.79999,50.0,4
315,316,5527,Evit100,Cu175,9,26.599990000000002,54.89999,60.0,5
316,317,5527,Evit100,Cu175,9,26.599990000000002,60.09998,78.5,6
317,318,5527,Evit100,Cu175,9,26.599990000000002,56.89999,86.200001,7
318,319,5527,Evit100,Cu175,9,26.599990000000002,64.89996,102.900002,8
319,320,5527,Evit100,Cu175,9,26.599990000000002,74.0,121.79998799999998,9
320,321,5527,Evit100,Cu175,9,26.599990000000002,81.89996,136.999992,10
321,322,5527,Evit100,Cu175,9,26.599990000000002,90.89996,136.999992,11
322,323,5528,Evit200,Cu000,9,24.0,24.0,,1
323,324,5528,Evit200,Cu000,9,24.0,28.2,10.0,2
324,325,5528,Evit200,Cu000,9,24.0,35.29999,20.0,3
325,326,5528,Evit200,Cu000,9,24.0,42.69998,32.100002,4
326,327,5528,Evit200,Cu000,9,24.0,48.19998,44.800003000000004,5
327,328,5528,Evit200,Cu000,9,24.0,53.199980000000004,58.5,6
328,329,5528,Evit200,Cu000,9,24.0,64.79999000000001,76.1,7
329,330,5528,Evit200,Cu000,9,24.0,71.5,94.200001,8
330,331,5528,Evit200,Cu000,9,24.0,76.09998,113.200001,9
331,332,5528,Evit200,Cu000,9,24.0,86.09998,134.900002,10
332,333,5528,Evit200,Cu000,9,24.0,92.5,146.1,11
333,334,5578,Evit100,Cu175,10,27.099990000000002,27.099990000000002,,1
334,335,5578,Evit100,Cu175,10,27.099990000000002,34.69998,11.100002,2
335,336,5578,Evit100,Cu175,10,27.099990000000002,40.69998,29.900002,3
336,337,5578,Evit100,Cu175,10,27.099990000000002,47.59998,45.300001,4
337,338,5578,Evit100,Cu175,10,27.099990000000002,56.5,65.6,5
338,339,5578,Evit100,Cu175,10,27.099990000000002,64.0,84.800001,6
339,340,5578,Evit100,Cu175,10,27.099990000000002,72.29999000000001,107.0,7
340,341,5578,Evit100,Cu175,10,27.099990000000002,82.0,135.1,8
341,342,5578,Evit100,Cu175,10,27.099990000000002,88.0,155.5,9
342,343,5578,Evit100,Cu175,10,27.099990000000002,95.09998,177.900002,10
343,344,5578,Evit100,Cu175,10,27.099990000000002,104.0,201.5,11
344,345,5578,Evit100,Cu175,10,27.099990000000002,105.69995,224.5,12
345,346,5581,Evit200,Cu000,10,27.0,27.0,,1
346,347,5581,Evit200,Cu000,10,27.0,30.0,6.800000999999999,2
347,348,5581,Evit200,Cu000,10,27.0,37.79999,19.5,3
348,349,5581,Evit200,Cu000,10,27.0,43.29999,31.100006,4
349,350,5581,Evit200,Cu000,10,27.0,51.5,46.200001,5
350,351,5581,Evit200,Cu000,10,27.0,57.0,59.900002,6
351,352,5581,Evit200,Cu000,10,27.0,63.699980000000004,76.1,7
352,353,5581,Evit200,Cu000,10,27.0,70.5,97.0,8
353,354,5581,Evit200,Cu000,10,27.0,80.39996,115.0,9
354,355,5581,Evit200,Cu000,10,27.0,92.0,138.800003,10
355,356,5581,Evit200,Cu000,10,27.0,100.0,158.20000100000001,11
356,357,5581,Evit200,Cu000,10,27.0,106.09998,177.900002,12
357,358,5582,Evit200,Cu175,10,29.5,29.5,,1
358,359,5582,Evit200,Cu175,10,29.5,31.399990000000003,6.800000999999999,2
359,360,5582,Evit200,Cu175,10,29.5,39.39999,19.6,3
360,361,5582,Evit200,Cu175,10,29.5,44.79999,30.300003000000004,4
361,362,5582,Evit200,Cu175,10,29.5,50.29999,41.400002,5
362,363,5582,Evit200,Cu175,10,29.5,57.0,55.0,6
363,364,5582,Evit200,Cu175,10,29.5,65.59998,71.0,7
364,365,5582,Evit200,Cu175,10,29.5,72.39996,86.800001,8
365,366,5582,Evit200,Cu175,10,29.5,80.19995,105.200001,9
366,367,5582,Evit200,Cu175,10,29.5,90.39996,127.800001,10
367,368,5582,Evit200,Cu175,10,29.5,95.0,149.5,11
368,369,5582,Evit200,Cu175,10,29.5,99.09998,167.5,12
369,370,5850,Evit200,Cu000,12,22.79999,22.79999,,1
370,371,5850,Evit200,Cu000,12,22.79999,27.0,6.0,2
371,372,5850,Evit200,Cu000,12,22.79999,33.89999,18.200001,3
372,373,5850,Evit200,Cu000,12,22.79999,37.69998,27.0,4
373,374,5850,Evit200,Cu000,12,22.79999,41.39999,36.300001,5
374,375,5850,Evit200,Cu000,12,22.79999,48.19998,48.0,6
375,376,5850,Evit200,Cu000,12,22.79999,53.699980000000004,60.200005000000004,7
376,377,5850,Evit200,Cu000,12,22.79999,62.59998,76.200001,8
377,378,5850,Evit200,Cu000,12,22.79999,70.39996,93.0,9
378,379,5850,Evit200,Cu000,12,22.79999,78.5,120.0,10
379,380,5850,Evit200,Cu000,12,22.79999,85.89996,127.5,11
380,381,5850,Evit200,Cu000,12,22.79999,94.0,146.800001,12
381,382,5851,Evit200,Cu175,12,22.29999,22.29999,,1
382,383,5851,Evit200,Cu175,12,22.29999,24.7,5.900002,2
383,384,5851,Evit200,Cu175,12,22.29999,30.399990000000003,15.0,3
384,385,5851,Evit200,Cu175,12,22.29999,36.89999,25.200001,4
385,386,5851,Evit200,Cu175,12,22.29999,44.09998,39.0,5
386,387,5851,Evit200,Cu175,12,22.29999,52.79999,56.0,6
387,388,5851,Evit200,Cu175,12,22.29999,60.29999,71.10000600000001,7
388,389,5851,Evit200,Cu175,12,22.29999,67.79999000000001,86.5,8
389,390,5851,Evit200,Cu175,12,22.29999,75.39996,106.300001,9
390,391,5851,Evit200,Cu175,12,22.29999,87.59998,127.59999099999999,10
391,392,5851,Evit200,Cu175,12,22.29999,93.0,137.599991,11
392,393,5851,Evit200,Cu175,12,22.29999,101.39996,157.599991,12
393,394,5852,Evit000,Cu000,12,23.79999,23.79999,,1
394,395,5852,Evit000,Cu000,12,23.79999,30.0,9.7,2
395,396,5852,Evit000,Cu000,12,23.79999,37.09998,20.800003,3
396,397,5852,Evit000,Cu000,12,23.79999,43.19998,31.200004999999997,4
397,398,5852,Evit000,Cu000,12,23.79999,50.39999,44.900002,5
398,399,5852,Evit000,Cu000,12,23.79999,60.199980000000004,61.800003000000004,6
399,400,5852,Evit000,Cu000,12,23.79999,67.0,78.200001,7
400,401,5852,Evit000,Cu000,12,23.79999,75.0,94.800003,8
401,402,5852,Evit000,Cu000,12,23.79999,82.39996,112.900002,9
402,403,5852,Evit000,Cu000,12,23.79999,91.19995,132.0,10
403,404,5852,Evit000,Cu000,12,23.79999,101.79999000000001,160.0,11
404,405,5852,Evit000,Cu000,12,23.79999,109.59998,180.100006,12
405,406,5862,Evit000,Cu035,11,22.0,22.0,,1
406,407,5862,Evit000,Cu035,11,22.0,25.79999,8.5,2
407,408,5862,Evit000,Cu035,11,22.0,29.2,15.800003,3
408,409,5862,Evit000,Cu035,11,22.0,35.79999,25.900002,4
409,410,5862,Evit000,Cu035,11,22.0,41.09998,37.6,5
410,411,5862,Evit000,Cu035,11,22.0,50.0,48.200005,6
411,412,5862,Evit000,Cu035,11,22.0,55.199980000000004,62.0,7
412,413,5862,Evit000,Cu035,11,22.0,62.199980000000004,76.5,8
413,414,5862,Evit000,Cu035,11,22.0,69.79999000000001,90.100002,9
414,415,5862,Evit000,Cu035,11,22.0,76.39996,107.10000600000001,10
415,416,5862,Evit000,Cu035,11,22.0,83.19995,126.2,11
416,417,5862,Evit000,Cu035,11,22.0,93.19995,147.700005,12
417,418,5865,Evit200,Cu035,11,22.0,22.0,,1
418,419,5865,Evit200,Cu035,11,22.0,27.0,8.8,2
419,420,5865,Evit200,Cu035,11,22.0,32.89999,18.900001,3
420,421,5865,Evit200,Cu035,11,22.0,38.0,29.200004999999997,4
421,422,5865,Evit200,Cu035,11,22.0,46.19998,43.600002,5
422,423,5865,Evit200,Cu035,11,22.0,53.5,58.1,6
423,424,5865,Evit200,Cu035,11,22.0,58.59998,73.400002,7
424,425,5865,Evit200,Cu035,11,22.0,68.19995,90.0,8
425,426,5865,Evit200,Cu035,11,22.0,71.0,104.800003,9
426,427,5865,Evit200,Cu035,11,22.0,80.79999000000001,120.200005,10
427,428,5865,Evit200,Cu035,11,22.0,84.5,134.800003,11
428,429,5865,Evit200,Cu035,11,22.0,90.0,146.300001,12
429,430,5866,Evit100,Cu175,11,22.0,22.0,,1
430,431,5866,Evit100,Cu175,11,22.0,24.79999,7.5,2
431,432,5866,Evit100,Cu175,11,22.0,30.0,16.1,3
432,433,5866,Evit100,Cu175,11,22.0,35.79999,26.0,4
433,434,5866,Evit100,Cu175,11,22.0,42.29999,36.800001,5
434,435,5866,Evit100,Cu175,11,22.0,50.89999,49.800003000000004,6
435,436,5866,Evit100,Cu175,11,22.0,57.79999,65.100002,7
436,437,5866,Evit100,Cu175,11,22.0,64.79999000000001,80.0,8
437,438,5866,Evit100,Cu175,11,22.0,71.79999000000001,93.800003,9
438,439,5866,Evit100,Cu175,11,22.0,75.0,109.900002,10
439,440,5866,Evit100,Cu175,11,22.0,83.79999000000001,122.800003,11
440,441,5866,Evit100,Cu175,11,22.0,92.09998,142.400002,12
441,442,6055,Evit200,Cu035,16,26.2,26.2,,1
442,443,6055,Evit200,Cu035,16,26.2,30.399990000000003,6.900002000000001,2
443,444,6055,Evit200,Cu035,16,26.2,37.39999,18.200001,3
444,445,6055,Evit200,Cu035,16,26.2,43.0,30.600006,4
445,446,6055,Evit200,Cu035,16,26.2,49.5,42.100002,5
446,447,6055,Evit200,Cu035,16,26.2,55.09998,62.200001,6
447,448,6055,Evit200,Cu035,16,26.2,64.19995,87.200001,7
448,449,6055,Evit200,Cu035,16,26.2,75.59998,106.900002,8
449,450,6055,Evit200,Cu035,16,26.2,83.29999000000001,122.100002,9
450,451,6055,Evit200,Cu035,16,26.2,87.39996,148.4,10
451,452,6055,Evit200,Cu035,16,26.2,94.69995,170.100006,11
452,453,6055,Evit200,Cu035,16,26.2,98.39996,190.800003,12
453,454,6056,Evit200,Cu175,16,32.5,32.5,,1
454,455,6056,Evit200,Cu175,16,32.5,38.79999,10.0,2
455,456,6056,Evit200,Cu175,16,32.5,47.79999,23.800003,3
456,457,6056,Evit200,Cu175,16,32.5,54.5,39.0,4
457,458,6056,Evit200,Cu175,16,32.5,63.0,53.200001,5
458,459,6056,Evit200,Cu175,16,32.5,70.09998,69.0,6
459,460,6056,Evit200,Cu175,16,32.5,76.59998,89.0,7
460,461,6056,Evit200,Cu175,16,32.5,86.19995,105.900002,8
461,462,6056,Evit200,Cu175,16,32.5,95.79999000000001,127.0,9
462,463,6056,Evit200,Cu175,16,32.5,101.39996,151.200005,10
463,464,6056,Evit200,Cu175,16,32.5,112.29999,174.5,11
464,465,6056,Evit200,Cu175,16,32.5,112.0,191.400002,12
465,466,6057,Evit100,Cu175,16,27.0,27.0,,1
466,467,6057,Evit100,Cu175,16,27.0,32.39999,7.800000999999999,2
467,468,6057,Evit100,Cu175,16,27.0,38.19998,17.0,3
468,469,6057,Evit100,Cu175,16,27.0,44.69998,30.100006,4
469,470,6057,Evit100,Cu175,16,27.0,53.199980000000004,44.800003000000004,5
470,471,6057,Evit100,Cu175,16,27.0,62.39999,60.0,6
471,472,6057,Evit100,Cu175,16,27.0,70.5,80.0,7
472,473,6057,Evit100,Cu175,16,27.0,72.79999000000001,91.800003,8
473,474,6057,Evit100,Cu175,16,27.0,86.59998,111.10000600000001,9
474,475,6057,Evit100,Cu175,16,27.0,93.29999000000001,131.800003,10
475,476,6057,Evit100,Cu175,16,27.0,103.0,147.800003,11
476,477,6057,Evit100,Cu175,16,27.0,104.19995,165.400002,12
477,478,6058,Evit100,Cu000,16,27.399990000000003,27.399990000000003,,1
478,479,6058,Evit100,Cu000,16,27.399990000000003,32.19998,8.1,2
479,480,6058,Evit100,Cu000,16,27.399990000000003,37.89999,18.3,3
480,481,6058,Evit100,Cu000,16,27.399990000000003,45.89999,29.900002,4
481,482,6058,Evit100,Cu000,16,27.399990000000003,51.19998,44.100002,5
482,483,6058,Evit100,Cu000,16,27.399990000000003,57.09998,58.3,6
483,484,6058,Evit100,Cu000,16,27.399990000000003,69.0,77.5,7
484,485,6058,Evit100,Cu000,16,27.399990000000003,76.79999000000001,91.5,8
485,486,6058,Evit100,Cu000,16,27.399990000000003,83.09998,104.800003,9
486,487,6058,Evit100,Cu000,16,27.399990000000003,91.59998,124.0,10
487,488,6058,Evit100,Cu000,16,27.399990000000003,100.5,148.6,11
488,489,6058,Evit100,Cu000,16,27.399990000000003,105.29999,166.900002,12
489,490,6207,Evit200,Cu000,17,27.099990000000002,27.099990000000002,,1
490,491,6207,Evit200,Cu000,17,27.099990000000002,30.29999,5.800003,2
491,492,6207,Evit200,Cu000,17,27.099990000000002,38.19998,17.0,3
492,493,6207,Evit200,Cu000,17,27.099990000000002,43.19998,30.0,4
493,494,6207,Evit200,Cu000,17,27.099990000000002,52.5,45.0,5
494,495,6207,Evit200,Cu000,17,27.099990000000002,59.0,57.200001,6
495,496,6207,Evit200,Cu000,17,27.099990000000002,67.29999000000001,72.100002,7
496,497,6207,Evit200,Cu000,17,27.099990000000002,74.19995,90.0,8
497,498,6207,Evit200,Cu000,17,27.099990000000002,81.19995,103.200001,9
498,499,6207,Evit200,Cu000,17,27.099990000000002,87.5,119.5,10
499,500,6207,Evit200,Cu000,17,27.099990000000002,94.39996,135.20000100000001,11
500,501,6207,Evit200,Cu000,17,27.099990000000002,101.39996,153.800003,12
501,502,6208,Evit000,Cu035,17,26.79999,26.79999,,1
502,503,6208,Evit000,Cu035,17,26.79999,31.099990000000002,6.1,2
503,504,6208,Evit000,Cu035,17,26.79999,37.79999,14.900001999999999,3
504,505,6208,Evit000,Cu035,17,26.79999,44.59998,28.5,4
505,506,6208,Evit000,Cu035,17,26.79999,50.5,40.5,5
506,507,6208,Evit000,Cu035,17,26.79999,58.29999,55.200001,6
507,508,6208,Evit000,Cu035,17,26.79999,68.29999000000001,73.700001,7
508,509,6208,Evit000,Cu035,17,26.79999,75.09998,92.5,8
509,510,6208,Evit000,Cu035,17,26.79999,84.39996,111.200005,9
510,511,6208,Evit000,Cu035,17,26.79999,87.29999000000001,129.0,10
511,512,6208,Evit000,Cu035,17,26.79999,96.39996,145.800003,11
512,513,6208,Evit000,Cu035,17,26.79999,104.39996,165.5,12
513,514,6211,Evit100,Cu000,17,24.5,24.5,,1
514,515,6211,Evit100,Cu000,17,24.5,31.599990000000002,8.1,2
515,516,6211,Evit100,Cu000,17,24.5,37.39999,18.1,3
516,517,6211,Evit100,Cu000,17,24.5,46.39999,30.100006,4
517,518,6211,Evit100,Cu000,17,24.5,53.59998,48.1,5
518,519,6211,Evit100,Cu000,17,24.5,61.199980000000004,62.600002,6
519,520,6211,Evit100,Cu000,17,24.5,70.09998,76.400002,7
520,521,6211,Evit100,Cu000,17,24.5,77.5,96.200001,8
521,522,6211,Evit100,Cu000,17,24.5,86.19995,114.600002,9
522,523,6211,Evit100,Cu000,17,24.5,89.19995,129.800003,10
523,524,6211,Evit100,Cu000,17,24.5,96.89996,146.5,11
524,525,6211,Evit100,Cu000,17,24.5,104.5,168.3,12
525,526,6284,Evit100,Cu000,18,23.09999,23.09999,,1
526,527,6284,Evit100,Cu000,18,23.09999,26.0,5.900002,2
527,528,6284,Evit100,Cu000,18,23.09999,30.099990000000002,17.6,3
528,529,6284,Evit100,Cu000,18,23.09999,40.69998,30.600006,4
529,530,6284,Evit100,Cu000,18,23.09999,46.59998,41.400002,5
530,531,6284,Evit100,Cu000,18,23.09999,52.09998,53.400002,6
531,532,6284,Evit100,Cu000,18,23.09999,60.5,69.2,7
532,533,6284,Evit100,Cu000,18,23.09999,73.5,90.0,8
533,534,6284,Evit100,Cu000,18,23.09999,77.29999000000001,100.0,9
534,535,6284,Evit100,Cu000,18,23.09999,86.89996,108.0,10
535,536,6284,Evit100,Cu000,18,23.09999,90.0,126.0,11
536,537,6284,Evit100,Cu000,18,23.09999,96.39996,141.100006,12
537,538,6287,Evit000,Cu000,18,21.5,21.5,,1
538,539,6287,Evit000,Cu000,18,21.5,24.59999,5.0,2
539,540,6287,Evit000,Cu000,18,21.5,28.5,14.200001,3
540,541,6287,Evit000,Cu000,18,21.5,39.09998,27.800003000000004,4
541,542,6287,Evit000,Cu000,18,21.5,45.29999,39.800003000000004,5
542,543,6287,Evit000,Cu000,18,21.5,53.0,53.5,6
543,544,6287,Evit000,Cu000,18,21.5,59.59998,68.5,7
544,545,6287,Evit000,Cu000,18,21.5,69.5,87.400002,8
545,546,6287,Evit000,Cu000,18,21.5,75.19995,107.300003,9
546,547,6287,Evit000,Cu000,18,21.5,84.89996,127.0,10
547,548,6287,Evit000,Cu000,18,21.5,93.39996,146.599991,11
548,549,6287,Evit000,Cu000,18,21.5,99.29999000000001,167.799992,12
549,550,6288,Evit200,Cu035,18,24.09999,24.09999,,1
550,551,6288,Evit200,Cu035,18,24.09999,28.099990000000002,6.200001,2
551,552,6288,Evit200,Cu035,18,24.09999,32.5,15.900001999999999,3
552,553,6288,Evit200,Cu035,18,24.09999,40.59998,30.800003000000004,4
553,554,6288,Evit200,Cu035,18,24.09999,46.0,40.900002,5
554,555,6288,Evit200,Cu035,18,24.09999,53.79999,52.100002,6
555,556,6288,Evit200,Cu035,18,24.09999,61.199980000000004,68.5,7
556,557,6288,Evit200,Cu035,18,24.09999,71.89996,85.400002,8
557,558,6288,Evit200,Cu035,18,24.09999,79.5,103.100002,9
558,559,6288,Evit200,Cu035,18,24.09999,87.39996,119.5,10
559,560,6288,Evit200,Cu035,18,24.09999,93.29999000000001,141.0,11
560,561,6288,Evit200,Cu035,18,24.09999,101.59998,161.800003,12
561,562,6430,Evit100,Cu175,5,34.19998,34.19998,,1
562,563,6430,Evit100,Cu175,5,34.19998,42.09998,8.499996000000001,2
563,564,6430,Evit100,Cu175,5,34.19998,50.09998,23.099998,3
564,565,6430,Evit100,Cu175,5,34.19998,57.59998,35.0,4
565,566,6430,Evit100,Cu175,5,34.19998,62.29999,54.299994999999996,5
566,567,6430,Evit100,Cu175,5,34.19998,66.0,73.399996,6
567,568,6430,Evit100,Cu175,5,34.19998,76.09998,81.899996,7
568,569,6430,Evit100,Cu175,5,34.19998,81.5,96.099998,8
569,570,6430,Evit100,Cu175,5,34.19998,84.29999000000001,114.299995,9
570,571,6430,Evit100,Cu175,5,34.19998,97.89996,133.799995,10
571,572,6430,Evit100,Cu175,5,34.19998,108.59998,163.799995,11
572,573,6430,Evit100,Cu175,5,34.19998,109.0,198.299995,12
573,574,6432,Evit100,Cu035,5,25.09999,25.09999,,1
574,575,6432,Evit100,Cu035,5,25.09999,23.2,4.0,2
575,576,6432,Evit100,Cu035,5,25.09999,28.899990000000003,11.100006,3
576,577,6432,Evit100,Cu035,5,25.09999,36.79999,21.0,4
577,578,6432,Evit100,Cu035,5,25.09999,44.19998,31.0,5
578,579,6432,Evit100,Cu035,5,25.09999,52.79999,56.300003000000004,6
579,580,6432,Evit100,Cu035,5,25.09999,62.199980000000004,69.10000600000001,7
580,581,6432,Evit100,Cu035,5,25.09999,69.39996,87.200001,8
581,582,6432,Evit100,Cu035,5,25.09999,78.09998,106.300003,9
582,583,6432,Evit100,Cu035,5,25.09999,88.79999000000001,129.5,10
583,584,6432,Evit100,Cu035,5,25.09999,102.39996,159.5,11
584,585,6432,Evit100,Cu035,5,25.09999,106.79999,197.400002,12
585,586,6433,Evit100,Cu000,5,32.19998,32.19998,,1
586,587,6433,Evit100,Cu000,5,32.19998,36.39999,6.900002000000001,2
587,588,6433,Evit100,Cu000,5,32.19998,41.79999,14.300003,3
588,589,6433,Evit100,Cu000,5,32.19998,48.19998,26.400002,4
589,590,6433,Evit100,Cu000,5,32.19998,55.89999,41.800003000000004,5
590,591,6433,Evit100,Cu000,5,32.19998,60.09998,58.6,6
591,592,6433,Evit100,Cu000,5,32.19998,68.5,71.400002,7
592,593,6433,Evit100,Cu000,5,32.19998,77.79999000000001,88.900002,8
593,594,6433,Evit100,Cu000,5,32.19998,86.39996,108.100002,9
594,595,6433,Evit100,Cu000,5,32.19998,96.69995,130.5,10
595,596,6433,Evit100,Cu000,5,32.19998,111.09998,163.0,11
596,597,6433,Evit100,Cu000,5,32.19998,115.39996000000001,184.5,12
597,598,6909,Evit200,Cu035,13,24.7,24.7,,1
598,599,6909,Evit200,Cu035,13,24.7,28.899990000000003,5.900002,2
599,600,6909,Evit200,Cu035,13,24.7,34.59998,15.0,3
600,601,6909,Evit200,Cu035,13,24.7,42.19998,26.6,4
601,602,6909,Evit200,Cu035,13,24.7,48.19998,38.0,5
602,603,6909,Evit200,Cu035,13,24.7,54.39999,50.900002,6
603,604,6909,Evit200,Cu035,13,24.7,62.5,65.100002,7
604,605,6909,Evit200,Cu035,13,24.7,69.79999000000001,80.0,8
605,606,6909,Evit200,Cu035,13,24.7,78.59998,100.5,9
606,607,6909,Evit200,Cu035,13,24.7,87.0,116.900002,10
607,608,6909,Evit200,Cu035,13,24.7,96.39996,137.900002,11
608,609,6909,Evit200,Cu035,13,24.7,103.19995,158.5,12
609,610,6910,Evit100,Cu000,13,24.2,24.2,,1
610,611,6910,Evit100,Cu000,13,24.2,29.2,6.200001,2
611,612,6910,Evit100,Cu000,13,24.2,36.19998,17.1,3
612,613,6910,Evit100,Cu000,13,24.2,43.09998,30.0,4
613,614,6910,Evit100,Cu000,13,24.2,49.19998,44.0,5
614,615,6910,Evit100,Cu000,13,24.2,57.0,56.900002,6
615,616,6910,Evit100,Cu000,13,24.2,63.0,70.0,7
616,617,6910,Evit100,Cu000,13,24.2,70.89996,85.100002,8
617,618,6910,Evit100,Cu000,13,24.2,80.0,102.300003,9
618,619,6910,Evit100,Cu000,13,24.2,87.19995,118.499996,10
619,620,6910,Evit100,Cu000,13,24.2,94.69995,135.599998,11
620,621,6910,Evit100,Cu000,13,24.2,100.59998,158.499996,12
621,622,6912,Evit200,Cu000,13,24.5,24.5,,1
622,623,6912,Evit200,Cu000,13,24.5,28.399990000000003,7.1,2
623,624,6912,Evit200,Cu000,13,24.5,35.0,17.300001,3
624,625,6912,Evit200,Cu000,13,24.5,41.89999,29.5,4
625,626,6912,Evit200,Cu000,13,24.5,49.0,40.900002,5
626,627,6912,Evit200,Cu000,13,24.5,55.59998,54.200001,6
627,628,6912,Evit200,Cu000,13,24.5,64.09998,66.800003,7
628,629,6912,Evit200,Cu000,13,24.5,71.19995,84.5,8
629,630,6912,Evit200,Cu000,13,24.5,80.5,104.5,9
630,631,6912,Evit200,Cu000,13,24.5,90.19995,119.900002,10
631,632,6912,Evit200,Cu000,13,24.5,98.89996,143.0,11
632,633,6912,Evit200,Cu000,13,24.5,103.79999000000001,164.5,12
633,634,8049,Evit000,Cu035,20,22.0,22.0,,1
634,635,8049,Evit000,Cu035,20,22.0,26.599990000000002,9.5,2
635,636,8049,Evit000,Cu035,20,22.0,33.09998,19.900002,3
636,637,8049,Evit000,Cu035,20,22.0,38.39999,31.0,4
637,638,8049,Evit000,Cu035,20,22.0,46.59998,44.900002,5
638,639,8049,Evit000,Cu035,20,22.0,52.29999,63.800003000000004,6
639,640,8049,Evit000,Cu035,20,22.0,61.5,78.0,7
640,641,8049,Evit000,Cu035,20,22.0,69.29999000000001,96.0,8
641,642,8049,Evit000,Cu035,20,22.0,74.19995,116.0,9
642,643,8049,Evit000,Cu035,20,22.0,80.19995,137.6,10
643,644,8049,Evit000,Cu035,20,22.0,87.19995,162.100002,11
644,645,8049,Evit000,Cu035,20,22.0,94.79999000000001,198.0,12
645,646,8050,Evit000,Cu175,20,26.79999,26.79999,,1
646,647,8050,Evit000,Cu175,20,26.79999,33.59998,10.900002,2
647,648,8050,Evit000,Cu175,20,26.79999,42.09998,25.100002,3
648,649,8050,Evit000,Cu175,20,26.79999,47.89999,38.0,4
649,650,8050,Evit000,Cu175,20,26.79999,56.199980000000004,54.400002,5
650,651,8050,Evit000,Cu175,20,26.79999,63.39999,74.200001,6
651,652,8050,Evit000,Cu175,20,26.79999,71.79999000000001,89.900002,7
652,653,8050,Evit000,Cu175,20,26.79999,80.0,111.0,8
653,654,8050,Evit000,Cu175,20,26.79999,87.59998,135.800003,9
654,655,8050,Evit000,Cu175,20,26.79999,94.89996,159.600006,10
655,656,8050,Evit000,Cu175,20,26.79999,101.0,188.20000100000001,11
656,657,8050,Evit000,Cu175,20,26.79999,112.0,224.0,12
657,658,8051,Evit100,Cu035,20,30.599990000000002,30.599990000000002,,1
658,659,8051,Evit100,Cu035,20,30.599990000000002,37.59998,11.200005,2
659,660,8051,Evit100,Cu035,20,30.599990000000002,42.79999,21.0,3
660,661,8051,Evit100,Cu035,20,30.599990000000002,47.39999,31.100006,4
661,662,8051,Evit100,Cu035,20,30.599990000000002,56.59998,47.0,5
662,663,8051,Evit100,Cu035,20,30.599990000000002,62.39999,65.0,6
663,664,8051,Evit100,Cu035,20,30.599990000000002,71.79999000000001,78.0,7
664,665,8051,Evit100,Cu035,20,30.599990000000002,78.0,95.800003,8
665,666,8051,Evit100,Cu035,20,30.599990000000002,86.79999000000001,115.800003,9
666,667,8051,Evit100,Cu035,20,30.599990000000002,94.19995,138.0,10
667,668,8051,Evit100,Cu035,20,30.599990000000002,101.89996,166.5,11
668,669,8051,Evit100,Cu035,20,30.599990000000002,112.5,196.900002,12
669,670,8053,Evit200,Cu175,20,21.89999,21.89999,,1
670,671,8053,Evit200,Cu175,20,21.89999,26.79999,9.6,2
671,672,8053,Evit200,Cu175,20,21.89999,34.69998,21.800003,3
672,673,8053,Evit200,Cu175,20,21.89999,41.29999,36.700001,4
673,674,8053,Evit200,Cu175,20,21.89999,48.69998,51.800003000000004,5
674,675,8053,Evit200,Cu175,20,21.89999,57.89999,71.400002,6
675,676,8053,Evit200,Cu175,20,21.89999,65.39996,91.60000600000001,7
676,677,8053,Evit200,Cu175,20,21.89999,71.29999000000001,115.800003,8
677,678,8053,Evit200,Cu175,20,21.89999,80.59998,138.0,9
678,679,8053,Evit200,Cu175,20,21.89999,88.39996,163.0,10
679,680,8053,Evit200,Cu175,20,21.89999,96.29999000000001,188.0,11
680,681,8053,Evit200,Cu175,20,21.89999,103.5,217.80000099999998,12
681,682,8139,Evit000,Cu175,23,24.0,24.0,,1
682,683,8139,Evit000,Cu175,23,24.0,26.79999,6.0,2
683,684,8139,Evit000,Cu175,23,24.0,33.0,20.0,3
684,685,8139,Evit000,Cu175,23,24.0,39.09998,30.300003000000004,4
685,686,8139,Evit000,Cu175,23,24.0,46.39999,45.100002,5
686,687,8139,Evit000,Cu175,23,24.0,54.0,61.400002,6
687,688,8139,Evit000,Cu175,23,24.0,61.59998,74.400002,7
688,689,8139,Evit000,Cu175,23,24.0,68.79999000000001,91.800003,8
689,690,8139,Evit000,Cu175,23,24.0,72.19995,109.5,9
690,691,8139,Evit000,Cu175,23,24.0,77.19995,128.0,10
691,692,8139,Evit000,Cu175,23,24.0,83.79999000000001,144.400002,11
692,693,8139,Evit000,Cu175,23,24.0,90.79999000000001,160.300003,12
693,694,8141,Evit200,Cu035,23,24.2,24.2,,1
694,695,8141,Evit200,Cu035,23,24.2,25.39999,3.9000019999999997,2
695,696,8141,Evit200,Cu035,23,24.2,30.7,13.300003,3
696,697,8141,Evit200,Cu035,23,24.2,35.59998,24.600002,4
697,698,8141,Evit200,Cu035,23,24.2,42.79999,38.5,5
698,699,8141,Evit200,Cu035,23,24.2,49.5,53.0,6
699,700,8141,Evit200,Cu035,23,24.2,57.199980000000004,67.6,7
700,701,8141,Evit200,Cu035,23,24.2,65.59998,83.0,8
701,702,8141,Evit200,Cu035,23,24.2,72.39996,99.0,9
702,703,8141,Evit200,Cu035,23,24.2,81.19995,116.0,10
703,704,8141,Evit200,Cu035,23,24.2,85.19995,135.400002,11
704,705,8141,Evit200,Cu035,23,24.2,90.19995,153.0,12
705,706,8142,Evit000,Cu035,23,25.2,25.2,,1
706,707,8142,Evit000,Cu035,23,25.2,29.79999,9.0,2
707,708,8142,Evit000,Cu035,23,25.2,35.69998,21.0,3
708,709,8142,Evit000,Cu035,23,25.2,42.0,31.300003000000004,4
709,710,8142,Evit000,Cu035,23,25.2,50.0,44.0,5
710,711,8142,Evit000,Cu035,23,25.2,55.89999,57.800001,6
711,712,8142,Evit000,Cu035,23,25.2,63.5,73.100002,7
712,713,8142,Evit000,Cu035,23,25.2,70.0,89.5,8
713,714,8142,Evit000,Cu035,23,25.2,79.5,105.400002,9
714,715,8142,Evit000,Cu035,23,25.2,83.59998,122.200001,10
715,716,8142,Evit000,Cu035,23,25.2,89.39996,138.5,11
716,717,8142,Evit000,Cu035,23,25.2,98.5,156.400002,12
717,718,8144,Evit100,Cu035,23,23.5,23.5,,1
718,719,8144,Evit100,Cu035,23,23.5,25.89999,7.200000999999999,2
719,720,8144,Evit100,Cu035,23,23.5,32.19998,19.5,3
720,721,8144,Evit100,Cu035,23,23.5,32.39999,25.800003,4
721,722,8144,Evit100,Cu035,23,23.5,29.79999,29.5,5
722,723,8144,Evit100,Cu035,23,23.5,32.79999,34.0,6
723,724,8144,Evit100,Cu035,23,23.5,41.0,50.0,7
724,725,8144,Evit100,Cu035,23,23.5,50.0,66.700001,8
725,726,8144,Evit100,Cu035,23,23.5,56.89999,80.700005,9
726,727,8144,Evit100,Cu035,23,23.5,64.79999000000001,96.0,10
727,728,8144,Evit100,Cu035,23,23.5,72.09998,111.200005,11
728,729,8144,Evit100,Cu035,23,23.5,81.39996,131.400002,12
729,730,8191,Evit100,Cu035,21,26.599990000000002,26.599990000000002,,1
730,731,8191,Evit100,Cu035,21,26.599990000000002,33.0,10.0,2
731,732,8191,Evit100,Cu035,21,26.599990000000002,38.19998,20.0,3
732,733,8191,Evit100,Cu035,21,26.599990000000002,46.39999,30.0,4
733,734,8191,Evit100,Cu035,21,26.599990000000002,53.199980000000004,40.0,5
734,735,8191,Evit100,Cu035,21,26.599990000000002,59.59998,60.0,6
735,736,8191,Evit100,Cu035,21,26.599990000000002,66.19995,82.100002,7
736,737,8191,Evit100,Cu035,21,26.599990000000002,72.59998,99.5,8
737,738,8191,Evit100,Cu035,21,26.599990000000002,80.09998,120.0,9
738,739,8191,Evit100,Cu035,21,26.599990000000002,89.0,139.0,10
739,740,8191,Evit100,Cu035,21,26.599990000000002,97.69995,162.800003,11
740,741,8191,Evit100,Cu035,21,26.599990000000002,103.0,185.800003,12
741,742,8192,Evit000,Cu175,21,35.39999,35.39999,,1
742,743,8192,Evit000,Cu175,21,35.39999,42.29999,15.100001999999998,2
743,744,8192,Evit000,Cu175,21,35.39999,49.5,29.800003000000004,3
744,745,8192,Evit000,Cu175,21,35.39999,58.699980000000004,48.5,4
745,746,8192,Evit000,Cu175,21,35.39999,66.59998,70.0,5
746,747,8192,Evit000,Cu175,21,35.39999,71.39996,87.300001,6
747,748,8192,Evit000,Cu175,21,35.39999,78.79999000000001,104.200001,7
748,749,8192,Evit000,Cu175,21,35.39999,85.5,125.5,8
749,750,8192,Evit000,Cu175,21,35.39999,91.29999000000001,144.900002,9
750,751,8192,Evit000,Cu175,21,35.39999,97.79999000000001,165.0,10
751,752,8192,Evit000,Cu175,21,35.39999,108.0,197.0,11
752,753,8192,Evit000,Cu175,21,35.39999,113.0,220.0,12
753,754,8193,Evit200,Cu035,21,29.29999,29.29999,,1
754,755,8193,Evit200,Cu035,21,29.29999,34.0,10.5,2
755,756,8193,Evit200,Cu035,21,29.29999,39.0,20.200004999999997,3
756,757,8193,Evit200,Cu035,21,29.29999,45.39999,34.800003000000004,4
757,758,8193,Evit200,Cu035,21,29.29999,51.79999,51.0,5
758,759,8193,Evit200,Cu035,21,29.29999,58.79999,70.0,6
759,760,8193,Evit200,Cu035,21,29.29999,62.59998,86.200001,7
760,761,8193,Evit200,Cu035,21,29.29999,71.59998,103.0,8
761,762,8193,Evit200,Cu035,21,29.29999,76.69995,111.0,9
762,763,8193,Evit200,Cu035,21,29.29999,81.69995,132.0,10
763,764,8193,Evit200,Cu035,21,29.29999,86.39996,157.800001,11
764,765,8193,Evit200,Cu035,21,29.29999,92.09998,178.0,12
765,766,8195,Evit200,Cu000,21,25.29999,25.29999,,1
766,767,8195,Evit200,Cu000,21,25.29999,31.599990000000002,9.600006,2
767,768,8195,Evit200,Cu000,21,25.29999,34.0,19.600006,3
768,769,8195,Evit200,Cu000,21,25.29999,35.19998,28.0,4
769,770,8195,Evit200,Cu000,21,25.29999,37.29999,41.0,5
770,771,8195,Evit200,Cu000,21,25.29999,40.79999,57.400002,6
771,772,8195,Evit200,Cu000,21,25.29999,47.69998,69.0,7
772,773,8195,Evit200,Cu000,21,25.29999,57.0,86.300001,8
773,774,8195,Evit200,Cu000,21,25.29999,64.59998,102.200001,9
774,775,8195,Evit200,Cu000,21,25.29999,71.19995,118.5,10
775,776,8195,Evit200,Cu000,21,25.29999,80.5,140.5,11
776,777,8195,Evit200,Cu000,21,25.29999,85.89996,157.8,12
777,778,8269,Evit200,Cu175,22,22.09999,22.09999,,1
778,779,8269,Evit200,Cu175,22,22.09999,26.29999,6.0,2
779,780,8269,Evit200,Cu175,22,22.09999,33.29999,16.800001,3
780,781,8269,Evit200,Cu175,22,22.09999,38.0,27.400002,4
781,782,8269,Evit200,Cu175,22,22.09999,39.59998,36.200001,5
782,783,8269,Evit200,Cu175,22,22.09999,41.39999,43.300003000000004,6
783,784,8269,Evit200,Cu175,22,22.09999,46.29999,54.0,7
784,785,8269,Evit200,Cu175,22,22.09999,52.39999,70.0,8
785,786,8269,Evit200,Cu175,22,22.09999,59.39999,90.0,9
786,787,8269,Evit200,Cu175,22,22.09999,66.69995,112.5,10
787,788,8269,Evit200,Cu175,22,22.09999,73.89996,128.0,11
788,789,8269,Evit200,Cu175,22,22.09999,76.79999000000001,141.5,12
789,790,8270,Evit000,Cu175,22,23.7,23.7,,1
790,791,8270,Evit000,Cu175,22,23.7,28.79999,7.6,2
791,792,8270,Evit000,Cu175,22,23.7,35.09998,18.5,3
792,793,8270,Evit000,Cu175,22,23.7,43.0,33.200001,4
793,794,8270,Evit000,Cu175,22,23.7,49.09998,44.900002,5
794,795,8270,Evit000,Cu175,22,23.7,58.79999,60.0,6
795,796,8270,Evit000,Cu175,22,23.7,65.39996,75.800003,7
796,797,8270,Evit000,Cu175,22,23.7,68.5,91.0,8
797,798,8270,Evit000,Cu175,22,23.7,79.0,108.5,9
798,799,8270,Evit000,Cu175,22,23.7,90.69995,133.20000100000001,10
799,800,8270,Evit000,Cu175,22,23.7,98.0,151.200005,11
800,801,8270,Evit000,Cu175,22,23.7,104.0,167.800001,12
801,802,8271,Evit100,Cu000,22,24.0,24.0,,1
802,803,8271,Evit100,Cu000,22,24.0,28.899990000000003,8.5,2
803,804,8271,Evit100,Cu000,22,24.0,35.79999,19.5,3
804,805,8271,Evit100,Cu000,22,24.0,44.0,30.0,4
805,806,8271,Evit100,Cu000,22,24.0,47.5,43.200001,5
806,807,8271,Evit100,Cu000,22,24.0,56.39999,56.6,6
807,808,8271,Evit100,Cu000,22,24.0,63.699980000000004,72.0,7
808,809,8271,Evit100,Cu000,22,24.0,70.29999000000001,89.5,8
809,810,8271,Evit100,Cu000,22,24.0,78.0,108.0,9
810,811,8271,Evit100,Cu000,22,24.0,89.19995,127.5,10
811,812,8271,Evit100,Cu000,22,24.0,96.29999000000001,144.400002,11
812,813,8271,Evit100,Cu000,22,24.0,99.79999000000001,158.1,12
813,814,8273,Evit000,Cu035,22,25.0,25.0,,1
814,815,8273,Evit000,Cu035,22,25.0,30.099990000000002,8.0,2
815,816,8273,Evit000,Cu035,22,25.0,37.09998,20.0,3
816,817,8273,Evit000,Cu035,22,25.0,46.0,33.800003000000004,4
817,818,8273,Evit000,Cu035,22,25.0,53.59998,48.5,5
818,819,8273,Evit000,Cu035,22,25.0,61.09998,67.0,6
819,820,8273,Evit000,Cu035,22,25.0,69.0,83.0,7
820,821,8273,Evit000,Cu035,22,25.0,78.19995,102.0,8
821,822,8273,Evit000,Cu035,22,25.0,87.09998,119.0,9
822,823,8273,Evit000,Cu035,22,25.0,94.39996,145.5,10
823,824,8273,Evit000,Cu035,22,25.0,102.5,163.400002,11
824,825,8273,Evit000,Cu035,22,25.0,107.5,183.800001,12
825,826,8437,Evit100,Cu035,24,27.0,27.0,,1
826,827,8437,Evit100,Cu035,24,27.0,30.0,6.800003,2
827,828,8437,Evit100,Cu035,24,27.0,35.39999,16.400002,3
828,829,8437,Evit100,Cu035,24,27.0,41.0,28.300001,4
829,830,8437,Evit100,Cu035,24,27.0,48.59998,41.0,5
830,831,8437,Evit100,Cu035,24,27.0,56.39999,54.900002,6
831,832,8437,Evit100,Cu035,24,27.0,63.0,70.5,7
832,833,8437,Evit100,Cu035,24,27.0,75.5,88.5,8
833,834,8437,Evit100,Cu035,24,27.0,77.79999000000001,103.300003,9
834,835,8437,Evit100,Cu035,24,27.0,85.79999000000001,119.5,10
835,836,8437,Evit100,Cu035,24,27.0,95.0,124.5,11
836,837,8437,Evit100,Cu035,24,27.0,101.39996,143.7,12
837,838,8439,Evit200,Cu175,24,27.29999,27.29999,,1
838,839,8439,Evit200,Cu175,24,27.29999,31.2,8.8,2
839,840,8439,Evit200,Cu175,24,27.29999,37.0,20.0,3
840,841,8439,Evit200,Cu175,24,27.29999,43.89999,33.200001,4
841,842,8439,Evit200,Cu175,24,27.29999,49.79999,44.800003000000004,5
842,843,8439,Evit200,Cu175,24,27.29999,57.199980000000004,58.0,6
843,844,8439,Evit200,Cu175,24,27.29999,65.19995,74.600002,7
844,845,8439,Evit200,Cu175,24,27.29999,73.19995,94.900002,8
845,846,8439,Evit200,Cu175,24,27.29999,78.79999000000001,108.8,9
846,847,8439,Evit200,Cu175,24,27.29999,87.39996,128.0,10
847,848,8439,Evit200,Cu175,24,27.29999,95.0,149.0,11
848,849,8439,Evit200,Cu175,24,27.29999,100.5,158.600006,12
849,850,8442,Evit000,Cu175,24,25.7,25.7,,1
850,851,8442,Evit000,Cu175,24,25.7,28.7,6.6,2
851,852,8442,Evit000,Cu175,24,25.7,33.39999,15.800003,3
852,853,8442,Evit000,Cu175,24,25.7,40.0,27.0,4
853,854,8442,Evit000,Cu175,24,25.7,46.69998,40.0,5
854,855,8442,Evit000,Cu175,24,25.7,56.59998,52.0,6
855,856,8442,Evit000,Cu175,24,25.7,65.19995,66.0,7
856,857,8442,Evit000,Cu175,24,25.7,73.19995,83.800003,8
857,858,8442,Evit000,Cu175,24,25.7,81.69995,99.800003,9
858,859,8442,Evit000,Cu175,24,25.7,90.29999000000001,115.200001,10
859,860,8442,Evit000,Cu175,24,25.7,96.0,133.20000100000001,11
860,861,8442,Evit000,Cu175,24,25.7,103.5,151.400002,12
